ID, Average Latitude, Average Longitude, Number of points
Cluster ID: 1, Latitude: 40.75474493944095, Longitude: -73.97664437008288, Number of points: 1932
Cluster ID: 2, Latitude: 40.7613846107987, Longitude: -73.97015970303711, Number of points: 889
Cluster ID: 3, Latitude: 40.750096539845764, Longitude: -73.9911672724936, Number of points: 389
Cluster ID: 4, Latitude: 40.76646975077879, Longitude: -73.98158522429901, Number of points: 321
Cluster ID: 5, Latitude: 40.75170358403361, Longitude: -73.99372898739495, Number of points: 238
Cluster ID: 6, Latitude: 40.760412644067785, Longitude: -73.97993444067801, Number of points: 236
Cluster ID: 7, Latitude: 40.74994819117651, Longitude: -73.98765404411762, Number of points: 204
Cluster ID: 8, Latitude: 40.745664959183664, Longitude: -73.98441654591832, Number of points: 196
Cluster ID: 9, Latitude: 40.773608537634395, Longitude: -73.9818639731183, Number of points: 186
Cluster ID: 10, Latitude: 40.740328114130435, Longitude: -73.98617283152176, Number of points: 184
Cluster ID: 11, Latitude: 40.780456125748486, Longitude: -73.98135054491017, Number of points: 167
Cluster ID: 12, Latitude: 40.75622310884353, Longitude: -73.9902508367347, Number of points: 147
Cluster ID: 13, Latitude: 40.773825759124094, Longitude: -73.96178745985402, Number of points: 137
Cluster ID: 14, Latitude: 40.781175395522375, Longitude: -73.95638126865671, Number of points: 134
Cluster ID: 15, Latitude: 40.759551954545465, Longitude: -73.98517670454544, Number of points: 132
Cluster ID: 16, Latitude: 40.76591704580151, Longitude: -73.95436541984735, Number of points: 131
Cluster ID: 17, Latitude: 40.75647319999999, Longitude: -73.98599828, Number of points: 125
Cluster ID: 18, Latitude: 40.74555930081301, Longitude: -73.9944165609756, Number of points: 123
Cluster ID: 19, Latitude: 40.73878638655464, Longitude: -73.99144812605043, Number of points: 119
Cluster ID: 20, Latitude: 40.769533428571435, Longitude: -73.86316429411765, Number of points: 119
Cluster ID: 21, Latitude: 40.76253988000001, Longitude: -73.98248634999996, Number of points: 100
Cluster ID: 22, Latitude: 40.77463704081634, Longitude: -73.95909535714287, Number of points: 98
Cluster ID: 23, Latitude: 40.75569411956521, Longitude: -73.98354254347826, Number of points: 92
Cluster ID: 24, Latitude: 40.76402999999999, Longitude: -73.97679076744186, Number of points: 86
Cluster ID: 25, Latitude: 40.74539880722892, Longitude: -73.98246932530124, Number of points: 83
Cluster ID: 26, Latitude: 40.75644093670885, Longitude: -73.97204079746834, Number of points: 79
Cluster ID: 27, Latitude: 40.77308615384616, Longitude: -73.9644694102564, Number of points: 78
Cluster ID: 28, Latitude: 40.77016380769232, Longitude: -73.95129965384614, Number of points: 78
Cluster ID: 29, Latitude: 40.780096090909105, Longitude: -73.95933470129869, Number of points: 77
Cluster ID: 30, Latitude: 40.776204500000006, Longitude: -73.96220204054052, Number of points: 74
Cluster ID: 31, Latitude: 40.74757287837836, Longitude: -73.9850122162162, Number of points: 74
Cluster ID: 32, Latitude: 40.77006143661975, Longitude: -73.96444609859155, Number of points: 71
Cluster ID: 33, Latitude: 40.76396419999999, Longitude: -73.95491491428574, Number of points: 70
Cluster ID: 34, Latitude: 40.734608159420276, Longitude: -73.99877814492751, Number of points: 69
Cluster ID: 35, Latitude: 40.7419096567164, Longitude: -73.97476202985072, Number of points: 67
Cluster ID: 36, Latitude: 40.74002746875, Longitude: -73.994869515625, Number of points: 64
Cluster ID: 37, Latitude: 40.761748859375004, Longitude: -73.96626435937499, Number of points: 64
Cluster ID: 38, Latitude: 40.77967869354841, Longitude: -73.95553761290321, Number of points: 62
Cluster ID: 39, Latitude: 40.734887533333314, Longitude: -73.98970528333332, Number of points: 60
Cluster ID: 40, Latitude: 40.76933386206897, Longitude: -73.96092598275862, Number of points: 58
Cluster ID: 41, Latitude: 40.754008363636366, Longitude: -73.98827236363636, Number of points: 55
Cluster ID: 42, Latitude: 40.773720854545445, Longitude: -73.87077758181817, Number of points: 55
Cluster ID: 43, Latitude: 40.759398407407396, Longitude: -73.9722967037037, Number of points: 54
Cluster ID: 44, Latitude: 40.78433246296295, Longitude: -73.95424051851852, Number of points: 54
Cluster ID: 45, Latitude: 40.72805213207548, Longitude: -74.00722258490566, Number of points: 53
Cluster ID: 46, Latitude: 40.74976217307692, Longitude: -73.99342373076921, Number of points: 52
Cluster ID: 47, Latitude: 40.78415874509803, Longitude: -73.97971713725492, Number of points: 51
Cluster ID: 48, Latitude: 40.76877238, Longitude: -73.9582227, Number of points: 50
Cluster ID: 49, Latitude: 40.73175077999999, Longitude: -73.98219181999997, Number of points: 50
Cluster ID: 50, Latitude: 40.71112157142857, Longitude: -74.0158347755102, Number of points: 49
Cluster ID: 51, Latitude: 40.77187259574468, Longitude: -73.96108625531917, Number of points: 47
Cluster ID: 52, Latitude: 40.779026659574455, Longitude: -73.962290106383, Number of points: 47
Cluster ID: 53, Latitude: 40.71443748936171, Longitude: -74.01546306382977, Number of points: 47
Cluster ID: 54, Latitude: 40.77255019565218, Longitude: -73.95263239130435, Number of points: 46
Cluster ID: 55, Latitude: 40.774664934782614, Longitude: -73.95704563043476, Number of points: 46
Cluster ID: 56, Latitude: 40.767125978260864, Longitude: -73.95642465217392, Number of points: 46
Cluster ID: 57, Latitude: 40.74029677272727, Longitude: -74.0021246818182, Number of points: 44
Cluster ID: 58, Latitude: 40.76401456818181, Longitude: -73.9586984772727, Number of points: 44
Cluster ID: 59, Latitude: 40.730424023255814, Longitude: -73.99247744186049, Number of points: 43
Cluster ID: 60, Latitude: 40.73743713953488, Longitude: -73.97815927906977, Number of points: 43
Cluster ID: 61, Latitude: 40.783824952380954, Longitude: -73.97408942857143, Number of points: 42
Cluster ID: 62, Latitude: 40.76121185714286, Longitude: -73.98676676190476, Number of points: 42
Cluster ID: 63, Latitude: 40.75918490476192, Longitude: -73.96527233333333, Number of points: 42
Cluster ID: 64, Latitude: 40.76522004761904, Longitude: -73.9638882142857, Number of points: 42
Cluster ID: 65, Latitude: 40.746066575, Longitude: -73.97187852500001, Number of points: 40
Cluster ID: 66, Latitude: 40.75826722500001, Longitude: -73.98888847499998, Number of points: 40
Cluster ID: 67, Latitude: 40.75124782499999, Longitude: -73.97104859999997, Number of points: 40
Cluster ID: 68, Latitude: 40.788876052631586, Longitude: -73.97039284210528, Number of points: 38
Cluster ID: 69, Latitude: 40.648628499999994, Longitude: -73.7834797631579, Number of points: 38
Cluster ID: 70, Latitude: 40.742651810810806, Longitude: -73.99287778378377, Number of points: 37
Cluster ID: 71, Latitude: 40.77850161111112, Longitude: -73.94528841666667, Number of points: 36
Cluster ID: 72, Latitude: 40.738956138888895, Longitude: -73.9898219722222, Number of points: 36
Cluster ID: 73, Latitude: 40.773825638888894, Longitude: -73.9547323888889, Number of points: 36
Cluster ID: 74, Latitude: 40.767213527777784, Longitude: -73.96239730555556, Number of points: 36
Cluster ID: 75, Latitude: 40.77749544444444, Longitude: -73.95907558333336, Number of points: 36
Cluster ID: 76, Latitude: 40.770126971428574, Longitude: -73.98769791428572, Number of points: 35
Cluster ID: 77, Latitude: 40.75470314705882, Longitude: -73.97154217647058, Number of points: 34
Cluster ID: 78, Latitude: 40.74122626470588, Longitude: -73.98761285294118, Number of points: 34
Cluster ID: 79, Latitude: 40.74346944117648, Longitude: -74.00719485294117, Number of points: 34
Cluster ID: 80, Latitude: 40.7469547878788, Longitude: -73.98135090909092, Number of points: 33
Cluster ID: 81, Latitude: 40.73472787878788, Longitude: -73.99104912121211, Number of points: 33
Cluster ID: 82, Latitude: 40.78642684375, Longitude: -73.97220171874997, Number of points: 32
Cluster ID: 83, Latitude: 40.734314499999996, Longitude: -73.9864064375, Number of points: 32
Cluster ID: 84, Latitude: 40.76724865625, Longitude: -73.96872834375, Number of points: 32
Cluster ID: 85, Latitude: 40.73665925806451, Longitude: -73.9888643548387, Number of points: 31
Cluster ID: 86, Latitude: 40.7703683548387, Longitude: -73.95720125806449, Number of points: 31
Cluster ID: 87, Latitude: 40.74928096774193, Longitude: -73.97960148387095, Number of points: 31
Cluster ID: 88, Latitude: 40.76841712903226, Longitude: -73.98496132258063, Number of points: 31
Cluster ID: 89, Latitude: 40.76621861290323, Longitude: -73.95227222580645, Number of points: 31
Cluster ID: 90, Latitude: 40.78394613333332, Longitude: -73.97036636666668, Number of points: 30
Cluster ID: 91, Latitude: 40.765120333333336, Longitude: -73.97487246666668, Number of points: 30
Cluster ID: 92, Latitude: 40.7419453, Longitude: -74.00451673333333, Number of points: 30
Cluster ID: 93, Latitude: 40.764024299999996, Longitude: -73.90194536666668, Number of points: 30
Cluster ID: 94, Latitude: 40.774092, Longitude: -73.87454016666668, Number of points: 30
Cluster ID: 95, Latitude: 40.772987766666674, Longitude: -73.88530329999999, Number of points: 30
Cluster ID: 96, Latitude: 40.74711320689655, Longitude: -73.97705462068966, Number of points: 29
Cluster ID: 97, Latitude: 40.73057751724137, Longitude: -74.00673182758621, Number of points: 29
Cluster ID: 98, Latitude: 40.74114265517241, Longitude: -73.99775751724137, Number of points: 29
Cluster ID: 99, Latitude: 40.72089257142857, Longitude: -74.01004924999998, Number of points: 28
Cluster ID: 100, Latitude: 40.739730214285714, Longitude: -73.97645764285713, Number of points: 28
Cluster ID: 101, Latitude: 40.779640500000006, Longitude: -73.95043853571428, Number of points: 28
Cluster ID: 102, Latitude: 40.788156464285706, Longitude: -73.97665974999998, Number of points: 28
Cluster ID: 103, Latitude: 40.77598585185184, Longitude: -73.94720785185184, Number of points: 27
Cluster ID: 104, Latitude: 40.73739992592593, Longitude: -74.00044692592591, Number of points: 27
Cluster ID: 105, Latitude: 40.756882777777776, Longitude: -73.9763405185185, Number of points: 27
Cluster ID: 106, Latitude: 40.753103222222215, Longitude: -73.99648885185185, Number of points: 27
Cluster ID: 107, Latitude: 40.72573923076924, Longitude: -74.00391796153846, Number of points: 26
Cluster ID: 108, Latitude: 40.77601357692308, Longitude: -73.98724707692307, Number of points: 26
Cluster ID: 109, Latitude: 40.76952546153845, Longitude: -73.98456061538462, Number of points: 26
Cluster ID: 110, Latitude: 40.733039576923076, Longitude: -73.99113826923076, Number of points: 26
Cluster ID: 111, Latitude: 40.77024315384615, Longitude: -73.99101911538462, Number of points: 26
Cluster ID: 112, Latitude: 40.73447069230769, Longitude: -74.006158, Number of points: 26
Cluster ID: 113, Latitude: 40.78640499999999, Longitude: -73.95278919230769, Number of points: 26
Cluster ID: 114, Latitude: 40.75129588461539, Longitude: -74.00656338461539, Number of points: 26
Cluster ID: 115, Latitude: 40.77228076, Longitude: -73.94976023999999, Number of points: 25
Cluster ID: 116, Latitude: 40.769477720000005, Longitude: -73.95473916, Number of points: 25
Cluster ID: 117, Latitude: 40.76546475999999, Longitude: -73.95769336000001, Number of points: 25
Cluster ID: 118, Latitude: 40.779676560000006, Longitude: -73.97710492, Number of points: 25
Cluster ID: 119, Latitude: 40.74289896, Longitude: -73.980209, Number of points: 25
Cluster ID: 120, Latitude: 40.77912284, Longitude: -73.95384987999999, Number of points: 25
Cluster ID: 121, Latitude: 40.77765176, Longitude: -73.95482863999999, Number of points: 25
Cluster ID: 122, Latitude: 40.78918248, Longitude: -73.95266464, Number of points: 25
Cluster ID: 123, Latitude: 40.74080224000001, Longitude: -74.00522868000002, Number of points: 25
Cluster ID: 124, Latitude: 40.77953568, Longitude: -73.98461099999999, Number of points: 25
Cluster ID: 125, Latitude: 40.760568375, Longitude: -73.96123729166666, Number of points: 24
Cluster ID: 126, Latitude: 40.78296866666666, Longitude: -73.95297024999998, Number of points: 24
Cluster ID: 127, Latitude: 40.786134749999995, Longitude: -73.97824195833331, Number of points: 24
Cluster ID: 128, Latitude: 40.732452875, Longitude: -74.00044849999998, Number of points: 24
Cluster ID: 129, Latitude: 40.77175391666667, Longitude: -73.95615320833332, Number of points: 24
Cluster ID: 130, Latitude: 40.782778416666666, Longitude: -73.95731058333332, Number of points: 24
Cluster ID: 131, Latitude: 40.74806252173913, Longitude: -73.98057404347824, Number of points: 23
Cluster ID: 132, Latitude: 40.74802826086957, Longitude: -74.00377573913043, Number of points: 23
Cluster ID: 133, Latitude: 40.76009982608696, Longitude: -73.99507699999998, Number of points: 23
Cluster ID: 134, Latitude: 40.78724608695653, Longitude: -73.97904982608694, Number of points: 23
Cluster ID: 135, Latitude: 40.772219739130435, Longitude: -73.94672826086956, Number of points: 23
Cluster ID: 136, Latitude: 40.738515913043486, Longitude: -74.00815191304346, Number of points: 23
Cluster ID: 137, Latitude: 40.71137404347826, Longitude: -74.01058247826087, Number of points: 23
Cluster ID: 138, Latitude: 40.80511904347825, Longitude: -73.96603426086956, Number of points: 23
Cluster ID: 139, Latitude: 40.7810452173913, Longitude: -73.96067678260869, Number of points: 23
Cluster ID: 140, Latitude: 40.77756917391305, Longitude: -73.963276, Number of points: 23
Cluster ID: 141, Latitude: 40.74106352173912, Longitude: -73.97856082608696, Number of points: 23
Cluster ID: 142, Latitude: 40.77257231818182, Longitude: -73.95853027272727, Number of points: 22
Cluster ID: 143, Latitude: 40.763588181818186, Longitude: -73.96207345454545, Number of points: 22
Cluster ID: 144, Latitude: 40.77005472727273, Longitude: -73.96668154545453, Number of points: 22
Cluster ID: 145, Latitude: 40.76643713636364, Longitude: -73.9600560909091, Number of points: 22
Cluster ID: 146, Latitude: 40.73731427272727, Longitude: -73.99008986363634, Number of points: 22
Cluster ID: 147, Latitude: 40.734052590909094, Longitude: -73.99265618181818, Number of points: 22
Cluster ID: 148, Latitude: 40.74251731818182, Longitude: -73.99671168181816, Number of points: 22
Cluster ID: 149, Latitude: 40.73870477272728, Longitude: -73.9833115, Number of points: 22
Cluster ID: 150, Latitude: 40.74450938095238, Longitude: -73.98720771428569, Number of points: 21
Cluster ID: 151, Latitude: 40.73254942857143, Longitude: -73.99612328571429, Number of points: 21
Cluster ID: 152, Latitude: 40.75555257142857, Longitude: -73.9649459047619, Number of points: 21
Cluster ID: 153, Latitude: 40.774074428571424, Longitude: -73.87295019047619, Number of points: 21
Cluster ID: 154, Latitude: 40.73728023809523, Longitude: -73.984255, Number of points: 21
Cluster ID: 155, Latitude: 40.76690709523809, Longitude: -73.979242, Number of points: 21
Cluster ID: 156, Latitude: 40.76760195238095, Longitude: -73.964191, Number of points: 21
Cluster ID: 157, Latitude: 40.64535338095238, Longitude: -73.77667533333333, Number of points: 21
Cluster ID: 158, Latitude: 40.75761200000001, Longitude: -73.96337654999999, Number of points: 20
Cluster ID: 159, Latitude: 40.7742524, Longitude: -73.94836529999999, Number of points: 20
Cluster ID: 160, Latitude: 40.707356299999994, Longitude: -74.00416325, Number of points: 20
Cluster ID: 161, Latitude: 40.76001775, Longitude: -73.9678314, Number of points: 20
Cluster ID: 162, Latitude: 40.75085795, Longitude: -74.00558685, Number of points: 20
Cluster ID: 163, Latitude: 40.739723250000004, Longitude: -73.98246295000001, Number of points: 20
Cluster ID: 164, Latitude: 40.79100045, Longitude: -73.97443839999998, Number of points: 20
Cluster ID: 165, Latitude: 40.767981750000004, Longitude: -73.98354570000001, Number of points: 20
Cluster ID: 166, Latitude: 40.784146473684224, Longitude: -73.95012284210524, Number of points: 19
Cluster ID: 167, Latitude: 40.72539068421052, Longitude: -73.99669305263156, Number of points: 19
Cluster ID: 168, Latitude: 40.75330594736842, Longitude: -73.98502942105263, Number of points: 19
Cluster ID: 169, Latitude: 40.75459136842105, Longitude: -73.96872589473683, Number of points: 19
Cluster ID: 170, Latitude: 40.75631310526315, Longitude: -73.9673442105263, Number of points: 19
Cluster ID: 171, Latitude: 40.7531672631579, Longitude: -73.96662763157893, Number of points: 19
Cluster ID: 172, Latitude: 40.79173236842105, Longitude: -73.95293068421054, Number of points: 19
Cluster ID: 173, Latitude: 40.77177578947368, Longitude: -73.9591122631579, Number of points: 19
Cluster ID: 174, Latitude: 40.77040289473685, Longitude: -73.98200200000001, Number of points: 19
Cluster ID: 175, Latitude: 40.780854157894744, Longitude: -73.97994052631579, Number of points: 19
Cluster ID: 176, Latitude: 40.74749673684211, Longitude: -73.97374389473683, Number of points: 19
Cluster ID: 177, Latitude: 40.773167888888885, Longitude: -73.94599483333333, Number of points: 18
Cluster ID: 178, Latitude: 40.78977966666667, Longitude: -73.97528961111112, Number of points: 18
Cluster ID: 179, Latitude: 40.732387888888894, Longitude: -73.99009005555556, Number of points: 18
Cluster ID: 180, Latitude: 40.7566825, Longitude: -73.96413533333333, Number of points: 18
Cluster ID: 181, Latitude: 40.75448472222221, Longitude: -73.99917305555554, Number of points: 18
Cluster ID: 182, Latitude: 40.75946616666667, Longitude: -73.83030822222223, Number of points: 18
Cluster ID: 183, Latitude: 40.78935794444445, Longitude: -73.95471133333334, Number of points: 18
Cluster ID: 184, Latitude: 40.73850888888889, Longitude: -74.00377622222221, Number of points: 18
Cluster ID: 185, Latitude: 40.75828655555556, Longitude: -73.99270572222223, Number of points: 18
Cluster ID: 186, Latitude: 40.73736394444444, Longitude: -73.99688222222221, Number of points: 18
Cluster ID: 187, Latitude: 40.74438555555556, Longitude: -73.98089805555554, Number of points: 18
Cluster ID: 188, Latitude: 40.732056555555566, Longitude: -73.98503177777778, Number of points: 18
Cluster ID: 189, Latitude: 40.731620500000005, Longitude: -73.98832166666666, Number of points: 18
Cluster ID: 190, Latitude: 40.77104072222223, Longitude: -73.95966961111111, Number of points: 18
Cluster ID: 191, Latitude: 40.78648317647059, Longitude: -73.96849217647058, Number of points: 17
Cluster ID: 192, Latitude: 40.762928941176476, Longitude: -73.98561711764705, Number of points: 17
Cluster ID: 193, Latitude: 40.73690805882352, Longitude: -73.98154788235293, Number of points: 17
Cluster ID: 194, Latitude: 40.7772934117647, Longitude: -73.97870747058823, Number of points: 17
Cluster ID: 195, Latitude: 40.77781935294119, Longitude: -73.95177088235293, Number of points: 17
Cluster ID: 196, Latitude: 40.713579352941174, Longitude: -74.0088741764706, Number of points: 17
Cluster ID: 197, Latitude: 40.75295311764706, Longitude: -73.98729147058825, Number of points: 17
Cluster ID: 198, Latitude: 40.79688758823529, Longitude: -73.97012723529413, Number of points: 17
Cluster ID: 199, Latitude: 40.78076970588234, Longitude: -73.97276823529411, Number of points: 17
Cluster ID: 200, Latitude: 40.77763435294118, Longitude: -73.9568304117647, Number of points: 17
Cluster ID: 201, Latitude: 40.7901535882353, Longitude: -73.9658281764706, Number of points: 17
Cluster ID: 202, Latitude: 40.74408370588236, Longitude: -73.97934629411763, Number of points: 17
Cluster ID: 203, Latitude: 40.78215958823529, Longitude: -73.97171241176471, Number of points: 17
Cluster ID: 204, Latitude: 40.755997294117655, Longitude: -73.99797917647061, Number of points: 17
Cluster ID: 205, Latitude: 40.7838675625, Longitude: -73.9777658125, Number of points: 16
Cluster ID: 206, Latitude: 40.787090062500006, Longitude: -73.9541284375, Number of points: 16
Cluster ID: 207, Latitude: 40.7447894375, Longitude: -73.975906375, Number of points: 16
Cluster ID: 208, Latitude: 40.785624875, Longitude: -73.9801255625, Number of points: 16
Cluster ID: 209, Latitude: 40.730448375, Longitude: -73.98050762499999, Number of points: 16
Cluster ID: 210, Latitude: 40.794677625, Longitude: -73.97181624999999, Number of points: 16
Cluster ID: 211, Latitude: 40.766560062500005, Longitude: -73.98678556250002, Number of points: 16
Cluster ID: 212, Latitude: 40.784631999999995, Longitude: -73.9560465625, Number of points: 16
Cluster ID: 213, Latitude: 40.753038562499995, Longitude: -73.96981987499998, Number of points: 16
Cluster ID: 214, Latitude: 40.808103562499994, Longitude: -73.96388606250001, Number of points: 16
Cluster ID: 215, Latitude: 40.729985125000006, Longitude: -73.9911925, Number of points: 16
Cluster ID: 216, Latitude: 40.763340812500005, Longitude: -73.96518075, Number of points: 16
Cluster ID: 217, Latitude: 40.740470125, Longitude: -73.99631356249999, Number of points: 16
Cluster ID: 218, Latitude: 40.7218786, Longitude: -73.99972506666667, Number of points: 15
Cluster ID: 219, Latitude: 40.7461484, Longitude: -73.97952099999999, Number of points: 15
Cluster ID: 220, Latitude: 40.77064813333333, Longitude: -73.9683004, Number of points: 15
Cluster ID: 221, Latitude: 40.787784333333335, Longitude: -73.95570399999998, Number of points: 15
Cluster ID: 222, Latitude: 40.742123600000006, Longitude: -73.99079499999999, Number of points: 15
Cluster ID: 223, Latitude: 40.73531106666666, Longitude: -73.97969533333331, Number of points: 15
Cluster ID: 224, Latitude: 40.74387453333333, Longitude: -73.98775333333333, Number of points: 15
Cluster ID: 225, Latitude: 40.733632733333344, Longitude: -74.002773, Number of points: 15
Cluster ID: 226, Latitude: 40.73411686666667, Longitude: -73.98050513333334, Number of points: 15
Cluster ID: 227, Latitude: 40.78529533333333, Longitude: -73.96963580000002, Number of points: 15
Cluster ID: 228, Latitude: 40.7330746, Longitude: -73.99351999999999, Number of points: 15
Cluster ID: 229, Latitude: 40.715911, Longitude: -74.00719926666666, Number of points: 15
Cluster ID: 230, Latitude: 40.7810786, Longitude: -73.95438940000001, Number of points: 15
Cluster ID: 231, Latitude: 40.7446946, Longitude: -73.99109866666666, Number of points: 15
Cluster ID: 232, Latitude: 40.758248333333334, Longitude: -73.96283866666666, Number of points: 15
Cluster ID: 233, Latitude: 40.776088, Longitude: -73.95306213333332, Number of points: 15
Cluster ID: 234, Latitude: 40.78624573333333, Longitude: -73.97966293333333, Number of points: 15
Cluster ID: 235, Latitude: 40.7484774, Longitude: -73.97287899999999, Number of points: 15
Cluster ID: 236, Latitude: 40.70613786666667, Longitude: -74.00590253333336, Number of points: 15
Cluster ID: 237, Latitude: 40.76287393333333, Longitude: -73.98933053333333, Number of points: 15
Cluster ID: 238, Latitude: 40.74535006666667, Longitude: -73.97837553333335, Number of points: 15
Cluster ID: 239, Latitude: 40.77336757142857, Longitude: -73.97810257142858, Number of points: 14
Cluster ID: 240, Latitude: 40.768431642857145, Longitude: -73.96787142857143, Number of points: 14
Cluster ID: 241, Latitude: 40.76649735714285, Longitude: -73.97830107142856, Number of points: 14
Cluster ID: 242, Latitude: 40.72670692857143, Longitude: -73.99553564285715, Number of points: 14
Cluster ID: 243, Latitude: 40.723866428571434, Longitude: -74.00043814285713, Number of points: 14
Cluster ID: 244, Latitude: 40.745668571428574, Longitude: -74.00565257142857, Number of points: 14
Cluster ID: 245, Latitude: 40.76159914285714, Longitude: -73.98390171428572, Number of points: 14
Cluster ID: 246, Latitude: 40.76599657142857, Longitude: -73.9675455, Number of points: 14
Cluster ID: 247, Latitude: 40.743522285714285, Longitude: -73.999734, Number of points: 14
Cluster ID: 248, Latitude: 40.72417007142857, Longitude: -73.9975807142857, Number of points: 14
Cluster ID: 249, Latitude: 40.75442757142857, Longitude: -73.96572978571429, Number of points: 14
Cluster ID: 250, Latitude: 40.72786514285715, Longitude: -73.99104557142857, Number of points: 14
Cluster ID: 251, Latitude: 40.737524285714294, Longitude: -74.0048425, Number of points: 14
Cluster ID: 252, Latitude: 40.71580414285713, Longitude: -74.00480871428572, Number of points: 14
Cluster ID: 253, Latitude: 40.76757357142857, Longitude: -73.98084621428572, Number of points: 14
Cluster ID: 254, Latitude: 40.74587169230769, Longitude: -73.98629569230769, Number of points: 13
Cluster ID: 255, Latitude: 40.746172384615384, Longitude: -73.99787346153846, Number of points: 13
Cluster ID: 256, Latitude: 40.76021930769231, Longitude: -73.9913183076923, Number of points: 13
Cluster ID: 257, Latitude: 40.787897615384615, Longitude: -73.96748107692308, Number of points: 13
Cluster ID: 258, Latitude: 40.797955384615385, Longitude: -73.9693213076923, Number of points: 13
Cluster ID: 259, Latitude: 40.766018692307696, Longitude: -73.97688053846154, Number of points: 13
Cluster ID: 260, Latitude: 40.749777615384616, Longitude: -73.97220907692306, Number of points: 13
Cluster ID: 261, Latitude: 40.785848615384616, Longitude: -73.97628369230769, Number of points: 13
Cluster ID: 262, Latitude: 40.788765, Longitude: -73.96681492307691, Number of points: 13
Cluster ID: 263, Latitude: 40.7162663076923, Longitude: -74.00134407692308, Number of points: 13
Cluster ID: 264, Latitude: 40.72019269230769, Longitude: -74.00519961538461, Number of points: 13
Cluster ID: 265, Latitude: 40.71520053846154, Longitude: -74.00196415384616, Number of points: 13
Cluster ID: 266, Latitude: 40.74135176923077, Longitude: -73.99359915384616, Number of points: 13
Cluster ID: 267, Latitude: 40.72784153846154, Longitude: -73.98519161538462, Number of points: 13
Cluster ID: 268, Latitude: 40.64144715384615, Longitude: -73.78833607692306, Number of points: 13
Cluster ID: 269, Latitude: 40.72585408333333, Longitude: -74.00760391666665, Number of points: 12
Cluster ID: 270, Latitude: 40.804041999999995, Longitude: -73.96674349999999, Number of points: 12
Cluster ID: 271, Latitude: 40.793895666666664, Longitude: -73.97041649999998, Number of points: 12
Cluster ID: 272, Latitude: 40.75563483333334, Longitude: -73.98263050000001, Number of points: 12
Cluster ID: 273, Latitude: 40.76217333333333, Longitude: -73.96312375000001, Number of points: 12
Cluster ID: 274, Latitude: 40.74197308333333, Longitude: -73.98084483333332, Number of points: 12
Cluster ID: 275, Latitude: 40.72862058333333, Longitude: -74.00274399999999, Number of points: 12
Cluster ID: 276, Latitude: 40.774299666666664, Longitude: -73.9513995, Number of points: 12
Cluster ID: 277, Latitude: 40.748403333333336, Longitude: -73.978122, Number of points: 12
Cluster ID: 278, Latitude: 40.753876749999996, Longitude: -73.999666, Number of points: 12
Cluster ID: 279, Latitude: 40.76389783333333, Longitude: -73.98480591666666, Number of points: 12
Cluster ID: 280, Latitude: 40.72139583333334, Longitude: -73.84432458333335, Number of points: 12
Cluster ID: 281, Latitude: 40.754957499999996, Longitude: -73.97333499999998, Number of points: 12
Cluster ID: 282, Latitude: 40.790740416666665, Longitude: -73.95365599999998, Number of points: 12
Cluster ID: 283, Latitude: 40.74963758333333, Longitude: -74.00286824999999, Number of points: 12
Cluster ID: 284, Latitude: 40.792014083333335, Longitude: -73.97372658333332, Number of points: 12
Cluster ID: 285, Latitude: 40.76859691666667, Longitude: -73.98734408333333, Number of points: 12
Cluster ID: 286, Latitude: 40.76052083333334, Longitude: -74.00282825000001, Number of points: 12
Cluster ID: 287, Latitude: 40.776304333333336, Longitude: -73.95582608333332, Number of points: 12
Cluster ID: 288, Latitude: 40.74531125, Longitude: -73.99849658333335, Number of points: 12
Cluster ID: 289, Latitude: 40.759152, Longitude: -73.99224833333334, Number of points: 12
Cluster ID: 290, Latitude: 40.765403583333345, Longitude: -73.96564525, Number of points: 12
Cluster ID: 291, Latitude: 40.761879666666665, Longitude: -73.99386725000001, Number of points: 12
Cluster ID: 292, Latitude: 40.71899308333333, Longitude: -74.00880416666668, Number of points: 12
Cluster ID: 293, Latitude: 40.79277281818181, Longitude: -73.967646, Number of points: 11
Cluster ID: 294, Latitude: 40.79157954545454, Longitude: -73.96857681818182, Number of points: 11
Cluster ID: 295, Latitude: 40.77550790909092, Longitude: -73.97646536363636, Number of points: 11
Cluster ID: 296, Latitude: 40.769045363636366, Longitude: -73.98856563636363, Number of points: 11
Cluster ID: 297, Latitude: 40.718967090909096, Longitude: -74.0050609090909, Number of points: 11
Cluster ID: 298, Latitude: 40.76846981818182, Longitude: -73.96581809090908, Number of points: 11
Cluster ID: 299, Latitude: 40.76155054545455, Longitude: -73.9574929090909, Number of points: 11
Cluster ID: 300, Latitude: 40.782877272727276, Longitude: -73.95094536363636, Number of points: 11
Cluster ID: 301, Latitude: 40.722277454545456, Longitude: -73.9972188181818, Number of points: 11
Cluster ID: 302, Latitude: 40.76967981818182, Longitude: -73.96270772727273, Number of points: 11
Cluster ID: 303, Latitude: 40.786989, Longitude: -73.95638954545453, Number of points: 11
Cluster ID: 304, Latitude: 40.75690836363636, Longitude: -73.99363418181817, Number of points: 11
Cluster ID: 305, Latitude: 40.77873363636363, Longitude: -73.97777345454546, Number of points: 11
Cluster ID: 306, Latitude: 40.73849763636364, Longitude: -73.99952281818182, Number of points: 11
Cluster ID: 307, Latitude: 40.768407090909086, Longitude: -73.992788, Number of points: 11
Cluster ID: 308, Latitude: 40.722536999999996, Longitude: -74.00804109090909, Number of points: 11
Cluster ID: 309, Latitude: 40.77041736363636, Longitude: -73.96229390909092, Number of points: 11
Cluster ID: 310, Latitude: 40.765004636363635, Longitude: -73.96130036363637, Number of points: 11
Cluster ID: 311, Latitude: 40.75159263636363, Longitude: -74.0049289090909, Number of points: 11
Cluster ID: 312, Latitude: 40.78980636363636, Longitude: -73.973373, Number of points: 11
Cluster ID: 313, Latitude: 40.781927363636356, Longitude: -73.98293463636364, Number of points: 11
Cluster ID: 314, Latitude: 40.76063836363636, Longitude: -73.95808854545454, Number of points: 11
Cluster ID: 315, Latitude: 40.72160609090909, Longitude: -73.9838678181818, Number of points: 11
Cluster ID: 316, Latitude: 40.76505718181818, Longitude: -73.979275, Number of points: 11
Cluster ID: 317, Latitude: 40.781170363636356, Longitude: -73.94921245454545, Number of points: 11
Cluster ID: 318, Latitude: 40.72291236363637, Longitude: -73.99856872727274, Number of points: 11
Cluster ID: 319, Latitude: 40.80878836363637, Longitude: -73.96335390909091, Number of points: 11
Cluster ID: 320, Latitude: 40.717817545454544, Longitude: -74.00564645454546, Number of points: 11
Cluster ID: 321, Latitude: 40.72689881818182, Longitude: -74.00333045454546, Number of points: 11
Cluster ID: 322, Latitude: 40.787620545454544, Longitude: -73.97490399999998, Number of points: 11
Cluster ID: 323, Latitude: 40.778786363636364, Longitude: -73.9560149090909, Number of points: 11
Cluster ID: 324, Latitude: 40.75605754545455, Longitude: -73.98714845454545, Number of points: 11
Cluster ID: 325, Latitude: 40.712514199999994, Longitude: -74.0097556, Number of points: 10
Cluster ID: 326, Latitude: 40.785327200000005, Longitude: -73.95768849999999, Number of points: 10
Cluster ID: 327, Latitude: 40.7710931, Longitude: -73.98342290000001, Number of points: 10
Cluster ID: 328, Latitude: 40.7294783, Longitude: -73.9780618, Number of points: 10
Cluster ID: 329, Latitude: 40.7956519, Longitude: -73.9710899, Number of points: 10
Cluster ID: 330, Latitude: 40.781039899999996, Longitude: -73.97616819999999, Number of points: 10
Cluster ID: 331, Latitude: 40.7888727, Longitude: -73.9778024, Number of points: 10
Cluster ID: 332, Latitude: 40.7839935, Longitude: -73.9565666, Number of points: 10
Cluster ID: 333, Latitude: 40.7437652, Longitude: -73.97351889999999, Number of points: 10
Cluster ID: 334, Latitude: 40.744281099999995, Longitude: -74.0029144, Number of points: 10
Cluster ID: 335, Latitude: 40.6435976, Longitude: -73.79031499999999, Number of points: 10
Cluster ID: 336, Latitude: 40.7798517, Longitude: -73.96161690000001, Number of points: 10
Cluster ID: 337, Latitude: 40.767242200000005, Longitude: -73.9708167, Number of points: 10
Cluster ID: 338, Latitude: 40.7344187, Longitude: -73.9833641, Number of points: 10
Cluster ID: 339, Latitude: 40.7679525, Longitude: -73.95674509999999, Number of points: 10
Cluster ID: 340, Latitude: 40.7735184, Longitude: -73.9578159, Number of points: 10
Cluster ID: 341, Latitude: 40.7793599, Longitude: -73.98786659999999, Number of points: 10
Cluster ID: 342, Latitude: 40.7188937, Longitude: -73.9880143, Number of points: 10
Cluster ID: 343, Latitude: 40.7250941, Longitude: -73.9953426, Number of points: 10
Cluster ID: 344, Latitude: 40.7201256, Longitude: -74.00861009999998, Number of points: 10
Cluster ID: 345, Latitude: 40.7437721, Longitude: -73.98898980000001, Number of points: 10
Cluster ID: 346, Latitude: 40.7321922, Longitude: -73.99437709999998, Number of points: 10
Cluster ID: 347, Latitude: 40.7751981, Longitude: -73.94765029999999, Number of points: 10
Cluster ID: 348, Latitude: 40.7932143, Longitude: -73.97283139999999, Number of points: 10
Cluster ID: 349, Latitude: 40.755743800000005, Longitude: -73.99454559999998, Number of points: 10
Cluster ID: 350, Latitude: 40.76606579999999, Longitude: -73.9694733, Number of points: 10
Cluster ID: 351, Latitude: 40.73657620000001, Longitude: -73.997303, Number of points: 10
Cluster ID: 352, Latitude: 40.7608585, Longitude: -73.9944672, Number of points: 10
Cluster ID: 353, Latitude: 40.748067500000005, Longitude: -74.0051729, Number of points: 10
Cluster ID: 354, Latitude: 40.78395389999999, Longitude: -73.95234339999999, Number of points: 10
Cluster ID: 355, Latitude: 40.739786699999996, Longitude: -74.0062096, Number of points: 10
Cluster ID: 356, Latitude: 40.72331079999999, Longitude: -74.0049277, Number of points: 10
Cluster ID: 357, Latitude: 40.75633922222222, Longitude: -73.96135611111112, Number of points: 9
Cluster ID: 358, Latitude: 40.762003888888884, Longitude: -74.000765, Number of points: 9
Cluster ID: 359, Latitude: 40.759601555555555, Longitude: -73.97810888888888, Number of points: 9
Cluster ID: 360, Latitude: 40.75122244444444, Longitude: -73.96802555555556, Number of points: 9
Cluster ID: 361, Latitude: 40.77252300000001, Longitude: -73.97872011111112, Number of points: 9
Cluster ID: 362, Latitude: 40.717744777777774, Longitude: -74.00890622222222, Number of points: 9
Cluster ID: 363, Latitude: 40.79210433333334, Longitude: -73.97549066666664, Number of points: 9
Cluster ID: 364, Latitude: 40.702982444444444, Longitude: -74.01124244444445, Number of points: 9
Cluster ID: 365, Latitude: 40.72583155555556, Longitude: -74.00102188888889, Number of points: 9
Cluster ID: 366, Latitude: 40.718002444444444, Longitude: -73.99989677777779, Number of points: 9
Cluster ID: 367, Latitude: 40.80219522222223, Longitude: -73.96799022222221, Number of points: 9
Cluster ID: 368, Latitude: 40.72856111111111, Longitude: -74.00531755555556, Number of points: 9
Cluster ID: 369, Latitude: 40.78300199999999, Longitude: -73.97843022222223, Number of points: 9
Cluster ID: 370, Latitude: 40.75545766666667, Longitude: -73.96810388888889, Number of points: 9
Cluster ID: 371, Latitude: 40.778378, Longitude: -73.98548744444444, Number of points: 9
Cluster ID: 372, Latitude: 40.75959777777778, Longitude: -73.96190022222221, Number of points: 9
Cluster ID: 373, Latitude: 40.73345211111111, Longitude: -73.98789244444444, Number of points: 9
Cluster ID: 374, Latitude: 40.78595244444444, Longitude: -73.95100544444443, Number of points: 9
Cluster ID: 375, Latitude: 40.76477299999999, Longitude: -73.98427, Number of points: 9
Cluster ID: 376, Latitude: 40.70542333333333, Longitude: -74.01712944444444, Number of points: 9
Cluster ID: 377, Latitude: 40.777080000000005, Longitude: -73.95224688888888, Number of points: 9
Cluster ID: 378, Latitude: 40.77532933333333, Longitude: -73.964944, Number of points: 9
Cluster ID: 379, Latitude: 40.71738611111111, Longitude: -73.99113888888888, Number of points: 9
Cluster ID: 380, Latitude: 40.76552955555556, Longitude: -73.98203355555556, Number of points: 9
Cluster ID: 381, Latitude: 40.766695777777784, Longitude: -73.96696755555556, Number of points: 9
Cluster ID: 382, Latitude: 40.81049055555555, Longitude: -73.96221188888889, Number of points: 9
Cluster ID: 383, Latitude: 40.77780533333333, Longitude: -73.97480822222221, Number of points: 9
Cluster ID: 384, Latitude: 40.801418222222225, Longitude: -73.96794322222222, Number of points: 9
Cluster ID: 385, Latitude: 40.76110011111111, Longitude: -73.98330433333334, Number of points: 9
Cluster ID: 386, Latitude: 40.77078322222222, Longitude: -73.98095488888887, Number of points: 9
Cluster ID: 387, Latitude: 40.73314288888889, Longitude: -74.00633011111111, Number of points: 9
Cluster ID: 388, Latitude: 40.77084266666666, Longitude: -73.94766422222222, Number of points: 9
Cluster ID: 389, Latitude: 40.77545977777778, Longitude: -73.98022622222223, Number of points: 9
Cluster ID: 390, Latitude: 40.74643711111111, Longitude: -74.00149744444444, Number of points: 9
Cluster ID: 391, Latitude: 40.739140666666664, Longitude: -73.97991866666665, Number of points: 9
Cluster ID: 392, Latitude: 40.70514166666666, Longitude: -74.00764544444442, Number of points: 9
Cluster ID: 393, Latitude: 40.76443577777778, Longitude: -73.98829099999999, Number of points: 9
Cluster ID: 394, Latitude: 40.754442222222224, Longitude: -73.9866781111111, Number of points: 9
Cluster ID: 395, Latitude: 40.75900322222222, Longitude: -73.97858044444443, Number of points: 9
Cluster ID: 396, Latitude: 40.764693, Longitude: -73.9918071111111, Number of points: 9
Cluster ID: 397, Latitude: 40.763994, Longitude: -73.96464833333332, Number of points: 9
Cluster ID: 398, Latitude: 40.74229677777777, Longitude: -73.98263099999998, Number of points: 9
Cluster ID: 399, Latitude: 40.77643811111111, Longitude: -73.94842355555555, Number of points: 9
Cluster ID: 400, Latitude: 40.74868122222222, Longitude: -73.99594011111111, Number of points: 9
Cluster ID: 401, Latitude: 40.73616466666667, Longitude: -73.99374611111112, Number of points: 9
Cluster ID: 402, Latitude: 40.644773125, Longitude: -73.781882375, Number of points: 8
Cluster ID: 403, Latitude: 40.76787225, Longitude: -73.966349, Number of points: 8
Cluster ID: 404, Latitude: 40.777075125, Longitude: -73.94632, Number of points: 8
Cluster ID: 405, Latitude: 40.782186124999996, Longitude: -73.959947, Number of points: 8
Cluster ID: 406, Latitude: 40.767261375, Longitude: -73.954819375, Number of points: 8
Cluster ID: 407, Latitude: 40.734706, Longitude: -73.99452125000002, Number of points: 8
Cluster ID: 408, Latitude: 40.765642625, Longitude: -73.96089774999999, Number of points: 8
Cluster ID: 409, Latitude: 40.71669537499999, Longitude: -73.99573149999999, Number of points: 8
Cluster ID: 410, Latitude: 40.74538700000001, Longitude: -73.99091875, Number of points: 8
Cluster ID: 411, Latitude: 40.774771875000006, Longitude: -73.98807787499999, Number of points: 8
Cluster ID: 412, Latitude: 40.77360575, Longitude: -73.95579724999999, Number of points: 8
Cluster ID: 413, Latitude: 40.7238415, Longitude: -73.9963715, Number of points: 8
Cluster ID: 414, Latitude: 40.727634875, Longitude: -74.00309862499999, Number of points: 8
Cluster ID: 415, Latitude: 40.785040374999994, Longitude: -73.97322762499999, Number of points: 8
Cluster ID: 416, Latitude: 40.73627175, Longitude: -73.985024875, Number of points: 8
Cluster ID: 417, Latitude: 40.756962375, Longitude: -73.984138875, Number of points: 8
Cluster ID: 418, Latitude: 40.73627825, Longitude: -73.97900912499999, Number of points: 8
Cluster ID: 419, Latitude: 40.76200475, Longitude: -73.96032249999998, Number of points: 8
Cluster ID: 420, Latitude: 40.787847125, Longitude: -73.975622, Number of points: 8
Cluster ID: 421, Latitude: 40.733479249999995, Longitude: -73.98985712499999, Number of points: 8
Cluster ID: 422, Latitude: 40.7766335, Longitude: -73.977175125, Number of points: 8
Cluster ID: 423, Latitude: 40.76799825, Longitude: -73.953030875, Number of points: 8
Cluster ID: 424, Latitude: 40.723583375000004, Longitude: -74.00612399999999, Number of points: 8
Cluster ID: 425, Latitude: 40.726436625, Longitude: -73.99424925, Number of points: 8
Cluster ID: 426, Latitude: 40.75164425, Longitude: -73.99206075, Number of points: 8
Cluster ID: 427, Latitude: 40.775470874999996, Longitude: -73.95038999999998, Number of points: 8
Cluster ID: 428, Latitude: 40.727933750000005, Longitude: -73.99303149999999, Number of points: 8
Cluster ID: 429, Latitude: 40.702394999999996, Longitude: -74.012719875, Number of points: 8
Cluster ID: 430, Latitude: 40.790129125, Longitude: -73.97685925, Number of points: 8
Cluster ID: 431, Latitude: 40.777422125, Longitude: -73.98622125, Number of points: 8
Cluster ID: 432, Latitude: 40.723397125, Longitude: -73.988376125, Number of points: 8
Cluster ID: 433, Latitude: 40.745205375, Longitude: -73.98071825, Number of points: 8
Cluster ID: 434, Latitude: 40.730341124999995, Longitude: -73.98636912499998, Number of points: 8
Cluster ID: 435, Latitude: 40.776058125, Longitude: -73.97987374999998, Number of points: 8
Cluster ID: 436, Latitude: 40.735762375, Longitude: -73.9855255, Number of points: 8
Cluster ID: 437, Latitude: 40.769206374999996, Longitude: -73.967313375, Number of points: 8
Cluster ID: 438, Latitude: 40.710442625000006, Longitude: -74.00971937499999, Number of points: 8
Cluster ID: 439, Latitude: 40.735748375, Longitude: -74.00594612499998, Number of points: 8
Cluster ID: 440, Latitude: 40.77629075, Longitude: -73.95992599999998, Number of points: 8
Cluster ID: 441, Latitude: 40.77332575, Longitude: -73.9490275, Number of points: 8
Cluster ID: 442, Latitude: 40.781909875000004, Longitude: -73.95378099999999, Number of points: 8
Cluster ID: 443, Latitude: 40.72984375, Longitude: -74.00215474999999, Number of points: 8
Cluster ID: 444, Latitude: 40.754187124999994, Longitude: -73.9748645, Number of points: 8
Cluster ID: 445, Latitude: 40.7433955, Longitude: -73.995978125, Number of points: 8
Cluster ID: 446, Latitude: 40.749871625, Longitude: -73.976845625, Number of points: 8
Cluster ID: 447, Latitude: 40.710437, Longitude: -74.01118775, Number of points: 8
Cluster ID: 448, Latitude: 40.739455125000006, Longitude: -73.98760425, Number of points: 8
Cluster ID: 449, Latitude: 40.766497625, Longitude: -73.99416612499999, Number of points: 8
Cluster ID: 450, Latitude: 40.721019125, Longitude: -73.99775487499998, Number of points: 8
Cluster ID: 451, Latitude: 40.767179285714285, Longitude: -73.96653414285716, Number of points: 7
Cluster ID: 452, Latitude: 40.73544085714286, Longitude: -73.98275442857143, Number of points: 7
Cluster ID: 453, Latitude: 40.63969314285715, Longitude: -73.78592414285713, Number of points: 7
Cluster ID: 454, Latitude: 40.77420585714286, Longitude: -73.94547385714284, Number of points: 7
Cluster ID: 455, Latitude: 40.76051928571428, Longitude: -73.98205685714285, Number of points: 7
Cluster ID: 456, Latitude: 40.780498571428566, Longitude: -73.98394557142858, Number of points: 7
Cluster ID: 457, Latitude: 40.73107857142857, Longitude: -74.00812414285714, Number of points: 7
Cluster ID: 458, Latitude: 40.74220114285715, Longitude: -73.9777807142857, Number of points: 7
Cluster ID: 459, Latitude: 40.739069571428566, Longitude: -74.00295414285713, Number of points: 7
Cluster ID: 460, Latitude: 40.801662428571426, Longitude: -73.96854128571428, Number of points: 7
Cluster ID: 461, Latitude: 40.78506757142857, Longitude: -73.98052428571428, Number of points: 7
Cluster ID: 462, Latitude: 40.77040942857143, Longitude: -73.96014814285715, Number of points: 7
Cluster ID: 463, Latitude: 40.779904428571434, Longitude: -73.98072557142856, Number of points: 7
Cluster ID: 464, Latitude: 40.78071571428571, Longitude: -73.94646114285715, Number of points: 7
Cluster ID: 465, Latitude: 40.733085714285714, Longitude: -74.00738114285711, Number of points: 7
Cluster ID: 466, Latitude: 40.769719142857134, Longitude: -73.96902642857141, Number of points: 7
Cluster ID: 467, Latitude: 40.77179828571428, Longitude: -73.97914557142856, Number of points: 7
Cluster ID: 468, Latitude: 40.76733828571429, Longitude: -73.98619914285713, Number of points: 7
Cluster ID: 469, Latitude: 40.75728542857142, Longitude: -73.96668914285715, Number of points: 7
Cluster ID: 470, Latitude: 40.781851714285715, Longitude: -73.97559028571426, Number of points: 7
Cluster ID: 471, Latitude: 40.747794285714285, Longitude: -73.996658, Number of points: 7
Cluster ID: 472, Latitude: 40.723381857142854, Longitude: -74.00783499999999, Number of points: 7
Cluster ID: 473, Latitude: 40.70327742857143, Longitude: -74.00985942857142, Number of points: 7
Cluster ID: 474, Latitude: 40.748363857142856, Longitude: -73.97472685714285, Number of points: 7
Cluster ID: 475, Latitude: 40.755557857142854, Longitude: -73.98159342857141, Number of points: 7
Cluster ID: 476, Latitude: 40.76550471428572, Longitude: -73.97608028571429, Number of points: 7
Cluster ID: 477, Latitude: 40.72760828571428, Longitude: -74.00131042857143, Number of points: 7
Cluster ID: 478, Latitude: 40.77287271428571, Longitude: -73.98951314285715, Number of points: 7
Cluster ID: 479, Latitude: 40.761017428571435, Longitude: -73.99056057142856, Number of points: 7
Cluster ID: 480, Latitude: 40.76898885714286, Longitude: -73.96318742857143, Number of points: 7
Cluster ID: 481, Latitude: 40.73866642857143, Longitude: -73.9852427142857, Number of points: 7
Cluster ID: 482, Latitude: 40.64374371428572, Longitude: -73.78985857142858, Number of points: 7
Cluster ID: 483, Latitude: 40.73314714285714, Longitude: -73.97553214285713, Number of points: 7
Cluster ID: 484, Latitude: 40.72073485714286, Longitude: -74.00055042857142, Number of points: 7
Cluster ID: 485, Latitude: 40.70938285714286, Longitude: -74.014886, Number of points: 7
Cluster ID: 486, Latitude: 40.74464342857142, Longitude: -74.00641514285714, Number of points: 7
Cluster ID: 487, Latitude: 40.74058071428571, Longitude: -73.98930442857143, Number of points: 7
Cluster ID: 488, Latitude: 40.790662, Longitude: -73.97650871428571, Number of points: 7
Cluster ID: 489, Latitude: 40.76459585714286, Longitude: -73.97844328571429, Number of points: 7
Cluster ID: 490, Latitude: 40.78795928571429, Longitude: -73.95392799999999, Number of points: 7
Cluster ID: 491, Latitude: 40.76757, Longitude: -73.98958414285714, Number of points: 7
Cluster ID: 492, Latitude: 40.793389857142856, Longitude: -73.96713857142856, Number of points: 7
Cluster ID: 493, Latitude: 40.754646428571434, Longitude: -73.99524828571428, Number of points: 7
Cluster ID: 494, Latitude: 40.75079885714286, Longitude: -73.99827585714286, Number of points: 7
Cluster ID: 495, Latitude: 40.728881, Longitude: -73.98432357142856, Number of points: 7
Cluster ID: 496, Latitude: 40.76742685714286, Longitude: -73.95927714285713, Number of points: 7
Cluster ID: 497, Latitude: 40.773679, Longitude: -73.95171085714286, Number of points: 7
Cluster ID: 498, Latitude: 40.64682999999999, Longitude: -73.789903, Number of points: 7
Cluster ID: 499, Latitude: 40.775219142857146, Longitude: -73.95365585714285, Number of points: 7
Cluster ID: 500, Latitude: 40.78197242857143, Longitude: -73.95784271428569, Number of points: 7
Cluster ID: 501, Latitude: 40.78145271428571, Longitude: -73.95846857142858, Number of points: 7
Cluster ID: 502, Latitude: 40.74130628571429, Longitude: -74.00622014285715, Number of points: 7
Cluster ID: 503, Latitude: 40.79780085714286, Longitude: -73.97118242857142, Number of points: 7
Cluster ID: 504, Latitude: 40.74450714285714, Longitude: -73.97508499999999, Number of points: 7
Cluster ID: 505, Latitude: 40.76280585714286, Longitude: -73.99315, Number of points: 7
Cluster ID: 506, Latitude: 40.735252714285714, Longitude: -73.98574314285715, Number of points: 7
Cluster ID: 507, Latitude: 40.78845128571429, Longitude: -73.955186, Number of points: 7
Cluster ID: 508, Latitude: 40.76106142857144, Longitude: -73.97214442857141, Number of points: 7
Cluster ID: 509, Latitude: 40.72384685714285, Longitude: -73.99120728571428, Number of points: 7
Cluster ID: 510, Latitude: 40.72587471428572, Longitude: -73.99470942857144, Number of points: 7
Cluster ID: 511, Latitude: 40.72887985714285, Longitude: -73.99228042857143, Number of points: 7
Cluster ID: 512, Latitude: 40.71440328571429, Longitude: -74.00848057142856, Number of points: 7
Cluster ID: 513, Latitude: 40.76536085714285, Longitude: -73.98388985714284, Number of points: 7
Cluster ID: 514, Latitude: 40.72721685714286, Longitude: -73.99348742857141, Number of points: 7
Cluster ID: 515, Latitude: 40.73045528571429, Longitude: -73.98917185714286, Number of points: 7
Cluster ID: 516, Latitude: 40.72567457142856, Longitude: -73.983823, Number of points: 7
Cluster ID: 517, Latitude: 40.738176, Longitude: -74.00560999999998, Number of points: 7
Cluster ID: 518, Latitude: 40.73322628571429, Longitude: -73.98118042857142, Number of points: 7
Cluster ID: 519, Latitude: 40.71156685714285, Longitude: -74.00827328571427, Number of points: 7
Cluster ID: 520, Latitude: 40.764617428571434, Longitude: -73.97185771428572, Number of points: 7
Cluster ID: 521, Latitude: 40.7777115, Longitude: -73.98877399999999, Number of points: 6
Cluster ID: 522, Latitude: 40.72523933333333, Longitude: -73.987055, Number of points: 6
Cluster ID: 523, Latitude: 40.725043, Longitude: -73.95811399999998, Number of points: 6
Cluster ID: 524, Latitude: 40.70912316666667, Longitude: -74.01076400000001, Number of points: 6
Cluster ID: 525, Latitude: 40.74283616666667, Longitude: -73.97723666666667, Number of points: 6
Cluster ID: 526, Latitude: 40.70555266666667, Longitude: -74.00723916666666, Number of points: 6
Cluster ID: 527, Latitude: 40.732657333333336, Longitude: -73.987729, Number of points: 6
Cluster ID: 528, Latitude: 40.74705216666667, Longitude: -74.0046385, Number of points: 6
Cluster ID: 529, Latitude: 40.7939675, Longitude: -73.97221366666665, Number of points: 6
Cluster ID: 530, Latitude: 40.7859025, Longitude: -73.97091316666665, Number of points: 6
Cluster ID: 531, Latitude: 40.77018833333333, Longitude: -73.98034666666666, Number of points: 6
Cluster ID: 532, Latitude: 40.74932566666667, Longitude: -73.972774, Number of points: 6
Cluster ID: 533, Latitude: 40.763857333333334, Longitude: -73.979011, Number of points: 6
Cluster ID: 534, Latitude: 40.798465666666665, Longitude: -73.970913, Number of points: 6
Cluster ID: 535, Latitude: 40.784569833333336, Longitude: -73.98087949999999, Number of points: 6
Cluster ID: 536, Latitude: 40.740668666666664, Longitude: -73.98168583333333, Number of points: 6
Cluster ID: 537, Latitude: 40.70146383333333, Longitude: -74.012339, Number of points: 6
Cluster ID: 538, Latitude: 40.7224385, Longitude: -73.98715466666667, Number of points: 6
Cluster ID: 539, Latitude: 40.744949166666665, Longitude: -73.99769766666667, Number of points: 6
Cluster ID: 540, Latitude: 40.77724133333333, Longitude: -73.9826365, Number of points: 6
Cluster ID: 541, Latitude: 40.732112666666666, Longitude: -74.00745216666667, Number of points: 6
Cluster ID: 542, Latitude: 40.7644325, Longitude: -73.96356833333333, Number of points: 6
Cluster ID: 543, Latitude: 40.76410333333334, Longitude: -73.98261683333332, Number of points: 6
Cluster ID: 544, Latitude: 40.74427433333333, Longitude: -73.97646733333333, Number of points: 6
Cluster ID: 545, Latitude: 40.7337285, Longitude: -73.9519105, Number of points: 6
Cluster ID: 546, Latitude: 40.73456483333334, Longitude: -73.98821383333332, Number of points: 6
Cluster ID: 547, Latitude: 40.724845, Longitude: -73.99925216666666, Number of points: 6
Cluster ID: 548, Latitude: 40.71597333333333, Longitude: -74.0151485, Number of points: 6
Cluster ID: 549, Latitude: 40.79142683333333, Longitude: -73.96490216666668, Number of points: 6
Cluster ID: 550, Latitude: 40.77874433333333, Longitude: -73.947756, Number of points: 6
Cluster ID: 551, Latitude: 40.74140016666667, Longitude: -73.98330366666666, Number of points: 6
Cluster ID: 552, Latitude: 40.8017175, Longitude: -73.96480433333333, Number of points: 6
Cluster ID: 553, Latitude: 40.7616545, Longitude: -73.98113916666667, Number of points: 6
Cluster ID: 554, Latitude: 40.73550183333334, Longitude: -74.008404, Number of points: 6
Cluster ID: 555, Latitude: 40.771739833333335, Longitude: -73.98655766666667, Number of points: 6
Cluster ID: 556, Latitude: 40.765828666666664, Longitude: -73.99095116666666, Number of points: 6
Cluster ID: 557, Latitude: 40.724326500000004, Longitude: -73.98482233333334, Number of points: 6
Cluster ID: 558, Latitude: 40.72498616666667, Longitude: -73.98433533333333, Number of points: 6
Cluster ID: 559, Latitude: 40.7529445, Longitude: -73.97419966666666, Number of points: 6
Cluster ID: 560, Latitude: 40.788165166666666, Longitude: -73.97833016666665, Number of points: 6
Cluster ID: 561, Latitude: 40.7385355, Longitude: -73.99586316666667, Number of points: 6
Cluster ID: 562, Latitude: 40.71718666666667, Longitude: -74.01429483333332, Number of points: 6
Cluster ID: 563, Latitude: 40.707902499999996, Longitude: -74.00819766666667, Number of points: 6
Cluster ID: 564, Latitude: 40.72400366666667, Longitude: -73.9786905, Number of points: 6
Cluster ID: 565, Latitude: 40.782338, Longitude: -73.97887216666668, Number of points: 6
Cluster ID: 566, Latitude: 40.79424383333333, Longitude: -73.97390283333333, Number of points: 6
Cluster ID: 567, Latitude: 40.78424583333333, Longitude: -73.94717049999998, Number of points: 6
Cluster ID: 568, Latitude: 40.728903833333334, Longitude: -73.99031633333333, Number of points: 6
Cluster ID: 569, Latitude: 40.761365166666664, Longitude: -73.98163, Number of points: 6
Cluster ID: 570, Latitude: 40.750498, Longitude: -73.96857399999999, Number of points: 6
Cluster ID: 571, Latitude: 40.806869166666665, Longitude: -73.96094783333332, Number of points: 6
Cluster ID: 572, Latitude: 40.72507566666667, Longitude: -73.98123083333333, Number of points: 6
Cluster ID: 573, Latitude: 40.794202500000004, Longitude: -73.96299583333332, Number of points: 6
Cluster ID: 574, Latitude: 40.75405283333333, Longitude: -73.99580966666666, Number of points: 6
Cluster ID: 575, Latitude: 40.778141999999995, Longitude: -73.96065, Number of points: 6
Cluster ID: 576, Latitude: 40.777086999999995, Longitude: -73.98901966666666, Number of points: 6
Cluster ID: 577, Latitude: 40.72162083333333, Longitude: -73.98904699999999, Number of points: 6
Cluster ID: 578, Latitude: 40.766595833333334, Longitude: -73.9650875, Number of points: 6
Cluster ID: 579, Latitude: 40.73546083333333, Longitude: -74.00178566666666, Number of points: 6
Cluster ID: 580, Latitude: 40.766544, Longitude: -73.97135266666668, Number of points: 6
Cluster ID: 581, Latitude: 40.7285405, Longitude: -73.98755116666666, Number of points: 6
Cluster ID: 582, Latitude: 40.79129233333333, Longitude: -73.97596766666665, Number of points: 6
Cluster ID: 583, Latitude: 40.724567666666665, Longitude: -73.98736566666666, Number of points: 6
Cluster ID: 584, Latitude: 40.73790066666667, Longitude: -73.98090816666667, Number of points: 6
Cluster ID: 585, Latitude: 40.747053333333334, Longitude: -74.00078433333333, Number of points: 6
Cluster ID: 586, Latitude: 40.709034, Longitude: -74.00846916666667, Number of points: 6
Cluster ID: 587, Latitude: 40.75936316666667, Longitude: -73.99577416666665, Number of points: 6
Cluster ID: 588, Latitude: 40.79964366666666, Longitude: -73.96988449999999, Number of points: 6
Cluster ID: 589, Latitude: 40.776074400000006, Longitude: -73.96438019999998, Number of points: 5
Cluster ID: 590, Latitude: 40.788845200000004, Longitude: -73.9760654, Number of points: 5
Cluster ID: 591, Latitude: 40.7748648, Longitude: -73.98441199999998, Number of points: 5
Cluster ID: 592, Latitude: 40.8150276, Longitude: -73.95894619999999, Number of points: 5
Cluster ID: 593, Latitude: 40.732612, Longitude: -74.0086982, Number of points: 5
Cluster ID: 594, Latitude: 40.783384, Longitude: -73.9590686, Number of points: 5
Cluster ID: 595, Latitude: 40.7623196, Longitude: -73.9570666, Number of points: 5
Cluster ID: 596, Latitude: 40.7043592, Longitude: -74.00853479999999, Number of points: 5
Cluster ID: 597, Latitude: 40.713094000000005, Longitude: -74.0039544, Number of points: 5
Cluster ID: 598, Latitude: 40.7111168, Longitude: -74.00875820000002, Number of points: 5
Cluster ID: 599, Latitude: 40.758908000000005, Longitude: -73.9820792, Number of points: 5
Cluster ID: 600, Latitude: 40.731314600000005, Longitude: -73.9741136, Number of points: 5
Cluster ID: 601, Latitude: 40.7273162, Longitude: -74.0055758, Number of points: 5
Cluster ID: 602, Latitude: 40.7501872, Longitude: -73.9925024, Number of points: 5
Cluster ID: 603, Latitude: 40.759698, Longitude: -73.96596139999998, Number of points: 5
Cluster ID: 604, Latitude: 40.7564858, Longitude: -73.9865394, Number of points: 5
Cluster ID: 605, Latitude: 40.780347, Longitude: -73.96138160000001, Number of points: 5
Cluster ID: 606, Latitude: 40.7777852, Longitude: -73.9798988, Number of points: 5
Cluster ID: 607, Latitude: 40.758506, Longitude: -73.97182819999999, Number of points: 5
Cluster ID: 608, Latitude: 40.7779476, Longitude: -73.97831419999999, Number of points: 5
Cluster ID: 609, Latitude: 40.726504000000006, Longitude: -73.9992822, Number of points: 5
Cluster ID: 610, Latitude: 40.7658926, Longitude: -73.9263096, Number of points: 5
Cluster ID: 611, Latitude: 40.7720228, Longitude: -73.9673018, Number of points: 5
Cluster ID: 612, Latitude: 40.7443764, Longitude: -73.98878539999998, Number of points: 5
Cluster ID: 613, Latitude: 40.742863400000005, Longitude: -74.00028739999998, Number of points: 5
Cluster ID: 614, Latitude: 40.793257000000004, Longitude: -73.9746546, Number of points: 5
Cluster ID: 615, Latitude: 40.7679728, Longitude: -73.95889639999999, Number of points: 5
Cluster ID: 616, Latitude: 40.7431642, Longitude: -73.9739964, Number of points: 5
Cluster ID: 617, Latitude: 40.7566146, Longitude: -73.9770048, Number of points: 5
Cluster ID: 618, Latitude: 40.776816999999994, Longitude: -73.957482, Number of points: 5
Cluster ID: 619, Latitude: 40.73698280000001, Longitude: -74.0053872, Number of points: 5
Cluster ID: 620, Latitude: 40.79269480000001, Longitude: -73.97496179999999, Number of points: 5
Cluster ID: 621, Latitude: 40.7813244, Longitude: -73.94622379999998, Number of points: 5
Cluster ID: 622, Latitude: 40.7607752, Longitude: -73.998369, Number of points: 5
Cluster ID: 623, Latitude: 40.774361, Longitude: -73.98485159999998, Number of points: 5
Cluster ID: 624, Latitude: 40.7855378, Longitude: -73.972819, Number of points: 5
Cluster ID: 625, Latitude: 40.7385388, Longitude: -73.98029359999998, Number of points: 5
Cluster ID: 626, Latitude: 40.734983, Longitude: -73.87419699999998, Number of points: 5
Cluster ID: 627, Latitude: 40.7828836, Longitude: -73.9710004, Number of points: 5
Cluster ID: 628, Latitude: 40.7490396, Longitude: -74.003202, Number of points: 5
Cluster ID: 629, Latitude: 40.742276399999994, Longitude: -73.9917856, Number of points: 5
Cluster ID: 630, Latitude: 40.749048, Longitude: -73.9721418, Number of points: 5
Cluster ID: 631, Latitude: 40.753614799999994, Longitude: -73.96940420000001, Number of points: 5
Cluster ID: 632, Latitude: 40.77613100000001, Longitude: -73.97632200000001, Number of points: 5
Cluster ID: 633, Latitude: 40.758804399999995, Longitude: -73.973861, Number of points: 5
Cluster ID: 634, Latitude: 40.7677824, Longitude: -73.9857156, Number of points: 5
Cluster ID: 635, Latitude: 40.7769076, Longitude: -73.955582, Number of points: 5
Cluster ID: 636, Latitude: 40.79092659999999, Longitude: -73.96903239999999, Number of points: 5
Cluster ID: 637, Latitude: 40.742276000000004, Longitude: -74.000648, Number of points: 5
Cluster ID: 638, Latitude: 40.737204199999994, Longitude: -73.97930319999998, Number of points: 5
Cluster ID: 639, Latitude: 40.747293400000004, Longitude: -73.98693979999999, Number of points: 5
Cluster ID: 640, Latitude: 40.762659400000004, Longitude: -73.959746, Number of points: 5
Cluster ID: 641, Latitude: 40.7228958, Longitude: -73.9858004, Number of points: 5
Cluster ID: 642, Latitude: 40.7829336, Longitude: -73.9822246, Number of points: 5
Cluster ID: 643, Latitude: 40.7447736, Longitude: -73.99880599999999, Number of points: 5
Cluster ID: 644, Latitude: 40.743477999999996, Longitude: -73.9726056, Number of points: 5
Cluster ID: 645, Latitude: 40.7574428, Longitude: -73.9790474, Number of points: 5
Cluster ID: 646, Latitude: 40.7817766, Longitude: -73.95163720000001, Number of points: 5
Cluster ID: 647, Latitude: 40.7363382, Longitude: -74.0012266, Number of points: 5
Cluster ID: 648, Latitude: 40.785154, Longitude: -73.95146020000001, Number of points: 5
Cluster ID: 649, Latitude: 40.759652, Longitude: -73.9731212, Number of points: 5
Cluster ID: 650, Latitude: 40.799260600000004, Longitude: -73.9591988, Number of points: 5
Cluster ID: 651, Latitude: 40.760371000000006, Longitude: -73.9876098, Number of points: 5
Cluster ID: 652, Latitude: 40.76842739999999, Longitude: -73.961545, Number of points: 5
Cluster ID: 653, Latitude: 40.70795460000001, Longitude: -74.01149339999999, Number of points: 5
Cluster ID: 654, Latitude: 40.782611, Longitude: -73.9749808, Number of points: 5
Cluster ID: 655, Latitude: 40.763199, Longitude: -73.96293119999999, Number of points: 5
Cluster ID: 656, Latitude: 40.754083800000004, Longitude: -73.9825372, Number of points: 5
Cluster ID: 657, Latitude: 40.761295000000004, Longitude: -73.9639554, Number of points: 5
Cluster ID: 658, Latitude: 40.707515400000005, Longitude: -74.0118866, Number of points: 5
Cluster ID: 659, Latitude: 40.734170199999994, Longitude: -74.0045644, Number of points: 5
Cluster ID: 660, Latitude: 40.7403768, Longitude: -73.9923838, Number of points: 5
Cluster ID: 661, Latitude: 40.7528596, Longitude: -73.9766662, Number of points: 5
Cluster ID: 662, Latitude: 40.7350572, Longitude: -74.0020706, Number of points: 5
Cluster ID: 663, Latitude: 40.722159, Longitude: -73.98871899999999, Number of points: 5
Cluster ID: 664, Latitude: 40.7424922, Longitude: -74.006888, Number of points: 5
Cluster ID: 665, Latitude: 40.7377102, Longitude: -74.00177979999998, Number of points: 5
Cluster ID: 666, Latitude: 40.752349800000005, Longitude: -73.9673366, Number of points: 5
Cluster ID: 667, Latitude: 40.7488542, Longitude: -73.970068, Number of points: 5
Cluster ID: 668, Latitude: 40.7786878, Longitude: -73.95820699999999, Number of points: 5
Cluster ID: 669, Latitude: 40.7832006, Longitude: -73.94496939999999, Number of points: 5
Cluster ID: 670, Latitude: 40.813709, Longitude: -73.959909, Number of points: 5
Cluster ID: 671, Latitude: 40.7559304, Longitude: -73.96347559999998, Number of points: 5
Cluster ID: 672, Latitude: 40.7468752, Longitude: -74.00218559999999, Number of points: 5
Cluster ID: 673, Latitude: 40.7610298, Longitude: -73.96176439999999, Number of points: 5
Cluster ID: 674, Latitude: 40.7226064, Longitude: -73.99789619999999, Number of points: 5
Cluster ID: 675, Latitude: 40.7198686, Longitude: -73.9876262, Number of points: 5
Cluster ID: 676, Latitude: 40.7039506, Longitude: -74.0117378, Number of points: 5
Cluster ID: 677, Latitude: 40.7311768, Longitude: -73.9857456, Number of points: 5
Cluster ID: 678, Latitude: 40.7955386, Longitude: -73.9729984, Number of points: 5
Cluster ID: 679, Latitude: 40.7397336, Longitude: -73.99885419999998, Number of points: 5
Cluster ID: 680, Latitude: 40.772506799999995, Longitude: -73.95554960000001, Number of points: 5
Cluster ID: 681, Latitude: 40.798729800000004, Longitude: -73.9687806, Number of points: 5
Cluster ID: 682, Latitude: 40.7435486, Longitude: -73.99079459999999, Number of points: 5
Cluster ID: 683, Latitude: 40.777015, Longitude: -73.94968599999999, Number of points: 5
Cluster ID: 684, Latitude: 40.7064004, Longitude: -74.01298179999999, Number of points: 5
Cluster ID: 685, Latitude: 40.726961800000005, Longitude: -73.9857548, Number of points: 5
Cluster ID: 686, Latitude: 40.7742006, Longitude: -73.96575219999998, Number of points: 5
Cluster ID: 687, Latitude: 40.765954, Longitude: -73.9871498, Number of points: 5
Cluster ID: 688, Latitude: 40.7183246, Longitude: -74.0004238, Number of points: 5
Cluster ID: 689, Latitude: 40.768345200000006, Longitude: -73.9635358, Number of points: 5
Cluster ID: 690, Latitude: 40.7650606, Longitude: -73.9816544, Number of points: 5
Cluster ID: 691, Latitude: 40.7920024, Longitude: -73.97178939999999, Number of points: 5
Cluster ID: 692, Latitude: 40.730283, Longitude: -73.98338999999999, Number of points: 5
Cluster ID: 693, Latitude: 40.7746044, Longitude: -73.97711240000001, Number of points: 5
Cluster ID: 694, Latitude: 40.7235228, Longitude: -73.9853634, Number of points: 5
Cluster ID: 695, Latitude: 40.7278436, Longitude: -73.9822716, Number of points: 5
Cluster ID: 696, Latitude: 40.759474, Longitude: -73.97960579999999, Number of points: 5
Cluster ID: 697, Latitude: 40.7444732, Longitude: -73.99188919999997, Number of points: 5
Cluster ID: 698, Latitude: 40.727705, Longitude: -73.9947514, Number of points: 5
Cluster ID: 699, Latitude: 40.777528, Longitude: -73.948987, Number of points: 5
Cluster ID: 700, Latitude: 40.731195199999995, Longitude: -73.993679, Number of points: 5
Cluster ID: 701, Latitude: 40.811054999999996, Longitude: -73.96290139999999, Number of points: 5
Cluster ID: 702, Latitude: 40.7240622, Longitude: -73.99266539999999, Number of points: 5
Cluster ID: 703, Latitude: 40.758845599999994, Longitude: -73.97978699999999, Number of points: 5
Cluster ID: 704, Latitude: 40.744966999999995, Longitude: -73.9865466, Number of points: 5
Cluster ID: 705, Longitude: -73.9821448, Latitude: 40.7769248, Number of points: 5