ID, Average Longitude, Average Latitude, Number of points
Cluster ID: 1, Longitude: -73.95436541984735, Latitude: 40.76591704580151, Number of points: 131
Cluster ID: 2, Longitude: -73.98354254347826, Latitude: 40.75569411956521, Number of points: 92
Cluster ID: 3, Longitude: -73.98765404411762, Latitude: 40.74994819117651, Number of points: 204
Cluster ID: 4, Longitude: -73.96178745985402, Latitude: 40.773825759124094, Number of points: 137
Cluster ID: 5, Longitude: -73.97036636666668, Latitude: 40.78394613333332, Number of points: 30
Cluster ID: 6, Longitude: -73.98827236363636, Latitude: 40.754008363636366, Number of points: 55
Cluster ID: 7, Longitude: -73.9911672724936, Latitude: 40.750096539845764, Number of points: 389
Cluster ID: 8, Longitude: -73.9944165609756, Latitude: 40.74555930081301, Number of points: 123
Cluster ID: 9, Longitude: -73.9582227, Latitude: 40.76877238, Number of points: 50
Cluster ID: 10, Longitude: -73.97664437008288, Latitude: 40.75474493944095, Number of points: 1932
Cluster ID: 11, Longitude: -73.98057404347824, Latitude: 40.74806252173913, Number of points: 23
Cluster ID: 12, Longitude: -73.98877399999999, Latitude: 40.7777115, Number of points: 6
Cluster ID: 13, Longitude: -74.0097556, Latitude: 40.712514199999994, Number of points: 10
Cluster ID: 14, Longitude: -73.94976023999999, Latitude: 40.77228076, Number of points: 25
Cluster ID: 15, Longitude: -73.97993444067801, Latitude: 40.760412644067785, Number of points: 236
Cluster ID: 16, Longitude: -73.96123729166666, Latitude: 40.760568375, Number of points: 24
Cluster ID: 17, Longitude: -73.9818639731183, Latitude: 40.773608537634395, Number of points: 186
Cluster ID: 18, Longitude: -73.96438019999998, Latitude: 40.776074400000006, Number of points: 5
Cluster ID: 19, Longitude: -73.98720771428569, Latitude: 40.74450938095238, Number of points: 21
Cluster ID: 20, Longitude: -73.97039284210528, Latitude: 40.788876052631586, Number of points: 38
Cluster ID: 21, Longitude: -73.97015970303711, Latitude: 40.7613846107987, Number of points: 889
Cluster ID: 22, Longitude: -73.99972506666667, Latitude: 40.7218786, Number of points: 15
Cluster ID: 23, Longitude: -73.95012284210524, Latitude: 40.784146473684224, Number of points: 19
Cluster ID: 24, Longitude: -73.98629569230769, Latitude: 40.74587169230769, Number of points: 13
Cluster ID: 25, Longitude: -73.994869515625, Latitude: 40.74002746875, Number of points: 64
Cluster ID: 26, Longitude: -74.00377573913043, Latitude: 40.74802826086957, Number of points: 23
Cluster ID: 27, Longitude: -73.95473916, Latitude: 40.769477720000005, Number of points: 25
Cluster ID: 28, Longitude: -73.95768849999999, Latitude: 40.785327200000005, Number of points: 10
Cluster ID: 29, Longitude: -73.97408942857143, Latitude: 40.783824952380954, Number of points: 42
Cluster ID: 30, Longitude: -74.00760391666665, Latitude: 40.72585408333333, Number of points: 12
Cluster ID: 31, Longitude: -73.98970528333332, Latitude: 40.734887533333314, Number of points: 60
Cluster ID: 32, Longitude: -73.97810257142858, Latitude: 40.77336757142857, Number of points: 14
Cluster ID: 33, Longitude: -73.96849217647058, Latitude: 40.78648317647059, Number of points: 17
Cluster ID: 34, Longitude: -74.00391796153846, Latitude: 40.72573923076924, Number of points: 26
Cluster ID: 35, Longitude: -73.98724707692307, Latitude: 40.77601357692308, Number of points: 26
Cluster ID: 36, Longitude: -73.98561711764705, Latitude: 40.762928941176476, Number of points: 17
Cluster ID: 37, Longitude: -73.98154788235293, Latitude: 40.73690805882352, Number of points: 17
Cluster ID: 38, Longitude: -73.97952099999999, Latitude: 40.7461484, Number of points: 15
Cluster ID: 39, Longitude: -73.99787346153846, Latitude: 40.746172384615384, Number of points: 13
Cluster ID: 40, Longitude: -73.95553761290321, Latitude: 40.77967869354841, Number of points: 62
Cluster ID: 41, Longitude: -73.9760654, Latitude: 40.788845200000004, Number of points: 5
Cluster ID: 42, Longitude: -73.99144812605043, Latitude: 40.73878638655464, Number of points: 119
Cluster ID: 43, Longitude: -74.0158347755102, Latitude: 40.71112157142857, Number of points: 49
Cluster ID: 44, Longitude: -73.96653414285716, Latitude: 40.767179285714285, Number of points: 7
Cluster ID: 45, Longitude: -73.9777658125, Latitude: 40.7838675625, Number of points: 16
Cluster ID: 46, Longitude: -73.9541284375, Latitude: 40.787090062500006, Number of points: 16
Cluster ID: 47, Longitude: -73.9913183076923, Latitude: 40.76021930769231, Number of points: 13
Cluster ID: 48, Longitude: -73.987055, Latitude: 40.72523933333333, Number of points: 6
Cluster ID: 49, Longitude: -73.96108625531917, Latitude: 40.77187259574468, Number of points: 47
Cluster ID: 50, Longitude: -73.975906375, Latitude: 40.7447894375, Number of points: 16
Cluster ID: 51, Longitude: -73.98135054491017, Latitude: 40.780456125748486, Number of points: 167
Cluster ID: 52, Longitude: -73.9722967037037, Latitude: 40.759398407407396, Number of points: 54
Cluster ID: 53, Longitude: -73.96674349999999, Latitude: 40.804041999999995, Number of points: 12
Cluster ID: 54, Longitude: -73.9644694102564, Latitude: 40.77308615384616, Number of points: 78
Cluster ID: 55, Longitude: -73.97204079746834, Latitude: 40.75644093670885, Number of points: 79
Cluster ID: 56, Longitude: -73.98275442857143, Latitude: 40.73544085714286, Number of points: 7
Cluster ID: 57, Longitude: -73.99372898739495, Latitude: 40.75170358403361, Number of points: 238
Cluster ID: 58, Longitude: -73.98456061538462, Latitude: 40.76952546153845, Number of points: 26
Cluster ID: 59, Longitude: -73.97154217647058, Latitude: 40.75470314705882, Number of points: 34
Cluster ID: 60, Longitude: -73.94720785185184, Latitude: 40.77598585185184, Number of points: 27
Cluster ID: 61, Longitude: -73.94599483333333, Latitude: 40.773167888888885, Number of points: 18
Cluster ID: 62, Longitude: -73.99507699999998, Latitude: 40.76009982608696, Number of points: 23
Cluster ID: 63, Longitude: -73.98441654591832, Latitude: 40.745664959183664, Number of points: 196
Cluster ID: 64, Longitude: -74.00044692592591, Latitude: 40.73739992592593, Number of points: 27
Cluster ID: 65, Longitude: -73.98761285294118, Latitude: 40.74122626470588, Number of points: 34
Cluster ID: 66, Longitude: -73.781882375, Latitude: 40.644773125, Number of points: 8
Cluster ID: 67, Longitude: -73.95638126865671, Latitude: 40.781175395522375, Number of points: 134
Cluster ID: 68, Longitude: -73.7834797631579, Latitude: 40.648628499999994, Number of points: 38
Cluster ID: 69, Longitude: -73.966349, Latitude: 40.76787225, Number of points: 8
Cluster ID: 70, Longitude: -73.97528961111112, Latitude: 40.78977966666667, Number of points: 18
Cluster ID: 71, Longitude: -73.96220204054052, Latitude: 40.776204500000006, Number of points: 74
Cluster ID: 72, Longitude: -73.967646, Latitude: 40.79277281818181, Number of points: 11
Cluster ID: 73, Longitude: -73.97904982608694, Latitude: 40.78724608695653, Number of points: 23
Cluster ID: 74, Longitude: -73.95769336000001, Latitude: 40.76546475999999, Number of points: 25
Cluster ID: 75, Longitude: -73.98441199999998, Latitude: 40.7748648, Number of points: 5
Cluster ID: 76, Longitude: -73.96787142857143, Latitude: 40.768431642857145, Number of points: 14
Cluster ID: 77, Longitude: -73.97870747058823, Latitude: 40.7772934117647, Number of points: 17
Cluster ID: 78, Longitude: -73.96857681818182, Latitude: 40.79157954545454, Number of points: 11
Cluster ID: 79, Longitude: -73.96135611111112, Latitude: 40.75633922222222, Number of points: 9
Cluster ID: 80, Longitude: -73.94632, Latitude: 40.777075125, Number of points: 8
Cluster ID: 81, Longitude: -73.99113826923076, Latitude: 40.733039576923076, Number of points: 26
Cluster ID: 82, Longitude: -73.97679076744186, Latitude: 40.76402999999999, Number of points: 86
Cluster ID: 83, Longitude: -73.97646536363636, Latitude: 40.77550790909092, Number of points: 11
Cluster ID: 84, Longitude: -73.97705462068966, Latitude: 40.74711320689655, Number of points: 29
Cluster ID: 85, Longitude: -73.78592414285713, Latitude: 40.63969314285715, Number of points: 7
Cluster ID: 86, Longitude: -73.96092598275862, Latitude: 40.76933386206897, Number of points: 58
Cluster ID: 87, Longitude: -73.96748107692308, Latitude: 40.787897615384615, Number of points: 13
Cluster ID: 88, Longitude: -73.962290106383, Latitude: 40.779026659574455, Number of points: 47
Cluster ID: 89, Longitude: -73.9693213076923, Latitude: 40.797955384615385, Number of points: 13
Cluster ID: 90, Longitude: -73.98135090909092, Latitude: 40.7469547878788, Number of points: 33
Cluster ID: 91, Longitude: -73.99009005555556, Latitude: 40.732387888888894, Number of points: 18
Cluster ID: 92, Longitude: -73.99669305263156, Latitude: 40.72539068421052, Number of points: 19
Cluster ID: 93, Longitude: -73.98617283152176, Latitude: 40.740328114130435, Number of points: 184
Cluster ID: 94, Longitude: -73.98856563636363, Latitude: 40.769045363636366, Number of points: 11
Cluster ID: 95, Longitude: -73.98158522429901, Latitude: 40.76646975077879, Number of points: 321
Cluster ID: 96, Longitude: -73.98517670454544, Latitude: 40.759551954545465, Number of points: 132
Cluster ID: 97, Longitude: -73.95129965384614, Latitude: 40.77016380769232, Number of points: 78
Cluster ID: 98, Longitude: -74.000765, Latitude: 40.762003888888884, Number of points: 9
Cluster ID: 99, Longitude: -73.98219181999997, Latitude: 40.73175077999999, Number of points: 50
Cluster ID: 100, Longitude: -73.9683004, Latitude: 40.77064813333333, Number of points: 15
Cluster ID: 101, Longitude: -73.9902508367347, Latitude: 40.75622310884353, Number of points: 147
Cluster ID: 102, Longitude: -73.94547385714284, Latitude: 40.77420585714286, Number of points: 7
Cluster ID: 103, Longitude: -74.0050609090909, Latitude: 40.718967090909096, Number of points: 11
Cluster ID: 104, Longitude: -74.01004924999998, Latitude: 40.72089257142857, Number of points: 28
Cluster ID: 105, Longitude: -73.98342290000001, Latitude: 40.7710931, Number of points: 10
Cluster ID: 106, Longitude: -73.96413533333333, Latitude: 40.7566825, Number of points: 18
Cluster ID: 107, Longitude: -73.96581809090908, Latitude: 40.76846981818182, Number of points: 11
Cluster ID: 108, Longitude: -73.95570399999998, Latitude: 40.787784333333335, Number of points: 15
Cluster ID: 109, Longitude: -73.95811399999998, Latitude: 40.725043, Number of points: 6
Cluster ID: 110, Longitude: -73.94528841666667, Latitude: 40.77850161111112, Number of points: 36
Cluster ID: 111, Longitude: -73.97710492, Latitude: 40.779676560000006, Number of points: 25
Cluster ID: 112, Longitude: -73.9850122162162, Latitude: 40.74757287837836, Number of points: 74
Cluster ID: 113, Longitude: -73.97971713725492, Latitude: 40.78415874509803, Number of points: 51
Cluster ID: 114, Longitude: -73.9780618, Latitude: 40.7294783, Number of points: 10
Cluster ID: 115, Longitude: -73.98248634999996, Latitude: 40.76253988000001, Number of points: 100
Cluster ID: 116, Longitude: -73.96337654999999, Latitude: 40.75761200000001, Number of points: 20
Cluster ID: 117, Longitude: -73.97830107142856, Latitude: 40.76649735714285, Number of points: 14
Cluster ID: 118, Longitude: -73.99553564285715, Latitude: 40.72670692857143, Number of points: 14
Cluster ID: 119, Longitude: -73.980209, Latitude: 40.74289896, Number of points: 25
Cluster ID: 120, Longitude: -73.9763405185185, Latitude: 40.756882777777776, Number of points: 27
Cluster ID: 121, Longitude: -73.97187852500001, Latitude: 40.746066575, Number of points: 40
Cluster ID: 122, Longitude: -73.99101911538462, Latitude: 40.77024315384615, Number of points: 26
Cluster ID: 123, Longitude: -74.00043814285713, Latitude: 40.723866428571434, Number of points: 14
Cluster ID: 124, Longitude: -73.98676676190476, Latitude: 40.76121185714286, Number of points: 42
Cluster ID: 125, Longitude: -73.95384987999999, Latitude: 40.77912284, Number of points: 25
Cluster ID: 126, Longitude: -73.95482863999999, Latitude: 40.77765176, Number of points: 25
Cluster ID: 127, Longitude: -73.99917305555554, Latitude: 40.75448472222221, Number of points: 18
Cluster ID: 128, Longitude: -73.9574929090909, Latitude: 40.76155054545455, Number of points: 11
Cluster ID: 129, Longitude: -73.97688053846154, Latitude: 40.766018692307696, Number of points: 13
Cluster ID: 130, Longitude: -74.00722258490566, Latitude: 40.72805213207548, Number of points: 53
Cluster ID: 131, Longitude: -73.98205685714285, Latitude: 40.76051928571428, Number of points: 7
Cluster ID: 132, Longitude: -73.97810888888888, Latitude: 40.759601555555555, Number of points: 9
Cluster ID: 133, Longitude: -73.9801255625, Latitude: 40.785624875, Number of points: 16
Cluster ID: 134, Longitude: -74.00719485294117, Latitude: 40.74346944117648, Number of points: 34
Cluster ID: 135, Longitude: -73.98394557142858, Latitude: 40.780498571428566, Number of points: 7
Cluster ID: 136, Longitude: -73.98502942105263, Latitude: 40.75330594736842, Number of points: 19
Cluster ID: 137, Longitude: -73.98050762499999, Latitude: 40.730448375, Number of points: 16
Cluster ID: 138, Longitude: -73.97041649999998, Latitude: 40.793895666666664, Number of points: 12
Cluster ID: 139, Longitude: -73.95909535714287, Latitude: 40.77463704081634, Number of points: 98
Cluster ID: 140, Longitude: -73.99342373076921, Latitude: 40.74976217307692, Number of points: 52
Cluster ID: 141, Longitude: -73.95933470129869, Latitude: 40.780096090909105, Number of points: 77
Cluster ID: 142, Longitude: -73.97487246666668, Latitude: 40.765120333333336, Number of points: 30
Cluster ID: 143, Longitude: -73.98263050000001, Latitude: 40.75563483333334, Number of points: 12
Cluster ID: 144, Longitude: -73.95297024999998, Latitude: 40.78296866666666, Number of points: 24
Cluster ID: 145, Longitude: -73.95094536363636, Latitude: 40.782877272727276, Number of points: 11
Cluster ID: 146, Longitude: -74.00812414285714, Latitude: 40.73107857142857, Number of points: 7
Cluster ID: 147, Longitude: -73.99079499999999, Latitude: 40.742123600000006, Number of points: 15
Cluster ID: 148, Longitude: -73.9972188181818, Latitude: 40.722277454545456, Number of points: 11
Cluster ID: 149, Longitude: -73.96444609859155, Latitude: 40.77006143661975, Number of points: 71
Cluster ID: 150, Longitude: -73.94836529999999, Latitude: 40.7742524, Number of points: 20
Cluster ID: 151, Longitude: -73.95894619999999, Latitude: 40.8150276, Number of points: 5
Cluster ID: 152, Longitude: -73.96270772727273, Latitude: 40.76967981818182, Number of points: 11
Cluster ID: 153, Longitude: -74.0086982, Latitude: 40.732612, Number of points: 5
Cluster ID: 154, Longitude: -73.99247744186049, Latitude: 40.730424023255814, Number of points: 43
Cluster ID: 155, Longitude: -73.83030822222223, Latitude: 40.75946616666667, Number of points: 18
Cluster ID: 156, Longitude: -73.9898219722222, Latitude: 40.738956138888895, Number of points: 36
Cluster ID: 157, Longitude: -73.96527233333333, Latitude: 40.75918490476192, Number of points: 42
Cluster ID: 158, Longitude: -73.99612328571429, Latitude: 40.73254942857143, Number of points: 21
Cluster ID: 159, Longitude: -73.96802555555556, Latitude: 40.75122244444444, Number of points: 9
Cluster ID: 160, Longitude: -73.95424051851852, Latitude: 40.78433246296295, Number of points: 54
Cluster ID: 161, Longitude: -74.00416325, Latitude: 40.707356299999994, Number of points: 20
Cluster ID: 162, Longitude: -74.0021246818182, Latitude: 40.74029677272727, Number of points: 44
Cluster ID: 163, Longitude: -74.01076400000001, Latitude: 40.70912316666667, Number of points: 6
Cluster ID: 164, Longitude: -73.95263239130435, Latitude: 40.77255019565218, Number of points: 46
Cluster ID: 165, Longitude: -73.95177088235293, Latitude: 40.77781935294119, Number of points: 17
Cluster ID: 166, Longitude: -73.98888847499998, Latitude: 40.75826722500001, Number of points: 40
Cluster ID: 167, Longitude: -74.0088741764706, Latitude: 40.713579352941174, Number of points: 17
Cluster ID: 168, Longitude: -74.01546306382977, Latitude: 40.71443748936171, Number of points: 47
Cluster ID: 169, Longitude: -73.97181624999999, Latitude: 40.794677625, Number of points: 16
Cluster ID: 170, Longitude: -73.96312375000001, Latitude: 40.76217333333333, Number of points: 12
Cluster ID: 171, Longitude: -74.00673182758621, Latitude: 40.73057751724137, Number of points: 29
Cluster ID: 172, Longitude: -73.97220907692306, Latitude: 40.749777615384616, Number of points: 13
Cluster ID: 173, Longitude: -73.98084483333332, Latitude: 40.74197308333333, Number of points: 12
Cluster ID: 174, Longitude: -73.9547323888889, Latitude: 40.773825638888894, Number of points: 36
Cluster ID: 175, Longitude: -73.97723666666667, Latitude: 40.74283616666667, Number of points: 6
Cluster ID: 176, Longitude: -73.97824195833331, Latitude: 40.786134749999995, Number of points: 24
Cluster ID: 177, Longitude: -74.00723916666666, Latitude: 40.70555266666667, Number of points: 6
Cluster ID: 178, Longitude: -73.97628369230769, Latitude: 40.785848615384616, Number of points: 13
Cluster ID: 179, Longitude: -73.9586984772727, Latitude: 40.76401456818181, Number of points: 44
Cluster ID: 180, Longitude: -73.9710899, Latitude: 40.7956519, Number of points: 10
Cluster ID: 181, Longitude: -73.96681492307691, Latitude: 40.788765, Number of points: 13
Cluster ID: 182, Longitude: -73.99877814492751, Latitude: 40.734608159420276, Number of points: 69
Cluster ID: 183, Longitude: -73.99648885185185, Latitude: 40.753103222222215, Number of points: 27
Cluster ID: 184, Longitude: -73.987729, Latitude: 40.732657333333336, Number of points: 6
Cluster ID: 185, Longitude: -73.97872011111112, Latitude: 40.77252300000001, Number of points: 9
Cluster ID: 186, Longitude: -74.00565257142857, Latitude: 40.745668571428574, Number of points: 14
Cluster ID: 187, Longitude: -74.00890622222222, Latitude: 40.717744777777774, Number of points: 9
Cluster ID: 188, Longitude: -73.97220171874997, Latitude: 40.78642684375, Number of points: 32
Cluster ID: 189, Longitude: -73.99287778378377, Latitude: 40.742651810810806, Number of points: 37
Cluster ID: 190, Longitude: -73.97104859999997, Latitude: 40.75124782499999, Number of points: 40
Cluster ID: 191, Longitude: -73.97476202985072, Latitude: 40.7419096567164, Number of points: 67
Cluster ID: 192, Longitude: -73.95638954545453, Latitude: 40.786989, Number of points: 11
Cluster ID: 193, Longitude: -73.9777807142857, Latitude: 40.74220114285715, Number of points: 7
Cluster ID: 194, Longitude: -73.97616819999999, Latitude: 40.781039899999996, Number of points: 10
Cluster ID: 195, Longitude: -74.00295414285713, Latitude: 40.739069571428566, Number of points: 7
Cluster ID: 196, Longitude: -73.959947, Latitude: 40.782186124999996, Number of points: 8
Cluster ID: 197, Longitude: -73.96854128571428, Latitude: 40.801662428571426, Number of points: 7
Cluster ID: 198, Longitude: -74.00134407692308, Latitude: 40.7162663076923, Number of points: 13
Cluster ID: 199, Longitude: -73.98390171428572, Latitude: 40.76159914285714, Number of points: 14
Cluster ID: 200, Longitude: -74.00451673333333, Latitude: 40.7419453, Number of points: 30
Cluster ID: 201, Longitude: -73.96872589473683, Latitude: 40.75459136842105, Number of points: 19
Cluster ID: 202, Longitude: -73.99363418181817, Latitude: 40.75690836363636, Number of points: 11
Cluster ID: 203, Longitude: -73.9673442105263, Latitude: 40.75631310526315, Number of points: 19
Cluster ID: 204, Longitude: -73.90194536666668, Latitude: 40.764024299999996, Number of points: 30
Cluster ID: 205, Longitude: -73.98599828, Latitude: 40.75647319999999, Number of points: 125
Cluster ID: 206, Longitude: -73.95266464, Latitude: 40.78918248, Number of points: 25
Cluster ID: 207, Longitude: -73.98729147058825, Latitude: 40.75295311764706, Number of points: 17
Cluster ID: 208, Longitude: -73.97549066666664, Latitude: 40.79210433333334, Number of points: 9
Cluster ID: 209, Longitude: -73.98769791428572, Latitude: 40.770126971428574, Number of points: 35
Cluster ID: 210, Longitude: -73.97969533333331, Latitude: 40.73531106666666, Number of points: 15
Cluster ID: 211, Longitude: -73.954819375, Latitude: 40.767261375, Number of points: 8
Cluster ID: 212, Longitude: -73.98052428571428, Latitude: 40.78506757142857, Number of points: 7
Cluster ID: 213, Longitude: -73.9778024, Latitude: 40.7888727, Number of points: 10
Cluster ID: 214, Longitude: -73.99452125000002, Latitude: 40.734706, Number of points: 8
Cluster ID: 215, Longitude: -74.0046385, Latitude: 40.74705216666667, Number of points: 6
Cluster ID: 216, Longitude: -73.97012723529413, Latitude: 40.79688758823529, Number of points: 17
Cluster ID: 217, Longitude: -73.9590686, Latitude: 40.783384, Number of points: 5
Cluster ID: 218, Longitude: -73.95471133333334, Latitude: 40.78935794444445, Number of points: 18
Cluster ID: 219, Longitude: -73.95853027272727, Latitude: 40.77257231818182, Number of points: 22
Cluster ID: 220, Longitude: -74.006158, Latitude: 40.73447069230769, Number of points: 26
Cluster ID: 221, Longitude: -73.9678314, Latitude: 40.76001775, Number of points: 20
Cluster ID: 222, Longitude: -73.9888643548387, Latitude: 40.73665925806451, Number of points: 31
Cluster ID: 223, Longitude: -73.95704563043476, Latitude: 40.774664934782614, Number of points: 46
Cluster ID: 224, Longitude: -73.96207345454545, Latitude: 40.763588181818186, Number of points: 22
Cluster ID: 225, Longitude: -73.95278919230769, Latitude: 40.78640499999999, Number of points: 26
Cluster ID: 226, Longitude: -73.9565666, Latitude: 40.7839935, Number of points: 10
Cluster ID: 227, Longitude: -73.97777345454546, Latitude: 40.77873363636363, Number of points: 11
Cluster ID: 228, Longitude: -73.99952281818182, Latitude: 40.73849763636364, Number of points: 11
Cluster ID: 229, Longitude: -73.97351889999999, Latitude: 40.7437652, Number of points: 10
Cluster ID: 230, Longitude: -73.97221366666665, Latitude: 40.7939675, Number of points: 6
Cluster ID: 231, Longitude: -73.87454016666668, Latitude: 40.774092, Number of points: 30
Cluster ID: 232, Longitude: -73.96668154545453, Latitude: 40.77005472727273, Number of points: 22
Cluster ID: 233, Longitude: -74.0029144, Latitude: 40.744281099999995, Number of points: 10
Cluster ID: 234, Longitude: -73.98775333333333, Latitude: 40.74387453333333, Number of points: 15
Cluster ID: 235, Longitude: -73.9649459047619, Latitude: 40.75555257142857, Number of points: 21
Cluster ID: 236, Longitude: -73.96089774999999, Latitude: 40.765642625, Number of points: 8
Cluster ID: 237, Longitude: -73.9570666, Latitude: 40.7623196, Number of points: 5
Cluster ID: 238, Longitude: -73.95642465217392, Latitude: 40.767125978260864, Number of points: 46
Cluster ID: 239, Longitude: -74.002773, Latitude: 40.733632733333344, Number of points: 15
Cluster ID: 240, Longitude: -73.9675455, Latitude: 40.76599657142857, Number of points: 14
Cluster ID: 241, Longitude: -73.79031499999999, Latitude: 40.6435976, Number of points: 10
Cluster ID: 242, Longitude: -73.9600560909091, Latitude: 40.76643713636364, Number of points: 22
Cluster ID: 243, Longitude: -73.96014814285715, Latitude: 40.77040942857143, Number of points: 7
Cluster ID: 244, Longitude: -74.00853479999999, Latitude: 40.7043592, Number of points: 5
Cluster ID: 245, Longitude: -73.999734, Latitude: 40.743522285714285, Number of points: 14
Cluster ID: 246, Longitude: -73.98072557142856, Latitude: 40.779904428571434, Number of points: 7
Cluster ID: 247, Longitude: -74.00558685, Latitude: 40.75085795, Number of points: 20
Cluster ID: 248, Longitude: -73.96161690000001, Latitude: 40.7798517, Number of points: 10
Cluster ID: 249, Longitude: -73.99573149999999, Latitude: 40.71669537499999, Number of points: 8
Cluster ID: 250, Longitude: -73.97091316666665, Latitude: 40.7859025, Number of points: 6
Cluster ID: 251, Longitude: -74.01124244444445, Latitude: 40.702982444444444, Number of points: 9
Cluster ID: 252, Longitude: -73.95491491428574, Latitude: 40.76396419999999, Number of points: 70
Cluster ID: 253, Longitude: -74.00377622222221, Latitude: 40.73850888888889, Number of points: 18
Cluster ID: 254, Longitude: -74.0039544, Latitude: 40.713094000000005, Number of points: 5
Cluster ID: 255, Longitude: -73.94646114285715, Latitude: 40.78071571428571, Number of points: 7
Cluster ID: 256, Longitude: -73.99270572222223, Latitude: 40.75828655555556, Number of points: 18
Cluster ID: 257, Longitude: -73.9708167, Latitude: 40.767242200000005, Number of points: 10
Cluster ID: 258, Longitude: -74.00738114285711, Latitude: 40.733085714285714, Number of points: 7
Cluster ID: 259, Longitude: -73.95720125806449, Latitude: 40.7703683548387, Number of points: 31
Cluster ID: 260, Longitude: -73.99775751724137, Latitude: 40.74114265517241, Number of points: 29
Cluster ID: 261, Longitude: -73.98050513333334, Latitude: 40.73411686666667, Number of points: 15
Cluster ID: 262, Longitude: -73.96902642857141, Latitude: 40.769719142857134, Number of points: 7
Cluster ID: 263, Longitude: -73.97914557142856, Latitude: 40.77179828571428, Number of points: 7
Cluster ID: 264, Longitude: -73.98034666666666, Latitude: 40.77018833333333, Number of points: 6
Cluster ID: 265, Longitude: -74.00102188888889, Latitude: 40.72583155555556, Number of points: 9
Cluster ID: 266, Longitude: -74.00875820000002, Latitude: 40.7111168, Number of points: 5
Cluster ID: 267, Longitude: -73.972774, Latitude: 40.74932566666667, Number of points: 6
Cluster ID: 268, Longitude: -73.96963580000002, Latitude: 40.78529533333333, Number of points: 15
Cluster ID: 269, Longitude: -73.96626435937499, Latitude: 40.761748859375004, Number of points: 64
Cluster ID: 270, Longitude: -73.992788, Latitude: 40.768407090909086, Number of points: 11
Cluster ID: 271, Longitude: -73.94672826086956, Latitude: 40.772219739130435, Number of points: 23
Cluster ID: 272, Longitude: -73.979011, Latitude: 40.763857333333334, Number of points: 6
Cluster ID: 273, Longitude: -73.99351999999999, Latitude: 40.7330746, Number of points: 15
Cluster ID: 274, Longitude: -73.98619914285713, Latitude: 40.76733828571429, Number of points: 7
Cluster ID: 275, Longitude: -73.99091875, Latitude: 40.74538700000001, Number of points: 8
Cluster ID: 276, Longitude: -73.98246295000001, Latitude: 40.739723250000004, Number of points: 20
Cluster ID: 277, Longitude: -73.96668914285715, Latitude: 40.75728542857142, Number of points: 7
Cluster ID: 278, Longitude: -73.9820792, Latitude: 40.758908000000005, Number of points: 5
Cluster ID: 279, Longitude: -74.00274399999999, Latitude: 40.72862058333333, Number of points: 12
Cluster ID: 280, Longitude: -73.98807787499999, Latitude: 40.774771875000006, Number of points: 8
Cluster ID: 281, Longitude: -73.970913, Latitude: 40.798465666666665, Number of points: 6
Cluster ID: 282, Longitude: -73.9741136, Latitude: 40.731314600000005, Number of points: 5
Cluster ID: 283, Longitude: -73.98678556250002, Latitude: 40.766560062500005, Number of points: 16
Cluster ID: 284, Longitude: -73.9513995, Latitude: 40.774299666666664, Number of points: 12
Cluster ID: 285, Longitude: -73.9833641, Latitude: 40.7344187, Number of points: 10
Cluster ID: 286, Longitude: -73.978122, Latitude: 40.748403333333336, Number of points: 12
Cluster ID: 287, Longitude: -73.97559028571426, Latitude: 40.781851714285715, Number of points: 7
Cluster ID: 288, Longitude: -74.00719926666666, Latitude: 40.715911, Number of points: 15
Cluster ID: 289, Longitude: -73.996658, Latitude: 40.747794285714285, Number of points: 7
Cluster ID: 290, Longitude: -73.96662763157893, Latitude: 40.7531672631579, Number of points: 19
Cluster ID: 291, Longitude: -73.99104912121211, Latitude: 40.73472787878788, Number of points: 33
Cluster ID: 292, Longitude: -73.95293068421054, Latitude: 40.79173236842105, Number of points: 19
Cluster ID: 293, Longitude: -74.00804109090909, Latitude: 40.722536999999996, Number of points: 11
Cluster ID: 294, Longitude: -73.99989677777779, Latitude: 40.718002444444444, Number of points: 9
Cluster ID: 295, Longitude: -73.96229390909092, Latitude: 40.77041736363636, Number of points: 11
Cluster ID: 296, Longitude: -73.95674509999999, Latitude: 40.7679525, Number of points: 10
Cluster ID: 297, Longitude: -73.999666, Latitude: 40.753876749999996, Number of points: 12
Cluster ID: 298, Longitude: -74.00519961538461, Latitude: 40.72019269230769, Number of points: 13
Cluster ID: 299, Longitude: -73.98087949999999, Latitude: 40.784569833333336, Number of points: 6
Cluster ID: 300, Longitude: -74.0055758, Latitude: 40.7273162, Number of points: 5
Cluster ID: 301, Longitude: -73.9925024, Latitude: 40.7501872, Number of points: 5
Cluster ID: 302, Longitude: -73.9864064375, Latitude: 40.734314499999996, Number of points: 32
Cluster ID: 303, Longitude: -73.96596139999998, Latitude: 40.759698, Number of points: 5
Cluster ID: 304, Longitude: -73.98168583333333, Latitude: 40.740668666666664, Number of points: 6
Cluster ID: 305, Longitude: -73.96130036363637, Latitude: 40.765004636363635, Number of points: 11
Cluster ID: 306, Longitude: -73.95438940000001, Latitude: 40.7810786, Number of points: 15
Cluster ID: 307, Longitude: -74.00656338461539, Latitude: 40.75129588461539, Number of points: 26
Cluster ID: 308, Longitude: -74.00783499999999, Latitude: 40.723381857142854, Number of points: 7
Cluster ID: 309, Longitude: -74.00815191304346, Latitude: 40.738515913043486, Number of points: 23
Cluster ID: 310, Longitude: -73.97276823529411, Latitude: 40.78076970588234, Number of points: 17
Cluster ID: 311, Longitude: -73.98480591666666, Latitude: 40.76389783333333, Number of points: 12
Cluster ID: 312, Longitude: -73.98652175000001, Latitude: 40.7564865, Number of points: 4
Cluster ID: 313, Longitude: -73.96799022222221, Latitude: 40.80219522222223, Number of points: 9
Cluster ID: 314, Longitude: -74.012339, Latitude: 40.70146383333333, Number of points: 6
Cluster ID: 315, Longitude: -74.00531755555556, Latitude: 40.72856111111111, Number of points: 9
Cluster ID: 316, Longitude: -73.87295019047619, Latitude: 40.774074428571424, Number of points: 21
Cluster ID: 317, Longitude: -73.84432458333335, Latitude: 40.72139583333334, Number of points: 12
Cluster ID: 318, Longitude: -73.95579724999999, Latitude: 40.77360575, Number of points: 8
Cluster ID: 319, Longitude: -73.9638882142857, Latitude: 40.76522004761904, Number of points: 42
Cluster ID: 320, Longitude: -74.00044849999998, Latitude: 40.732452875, Number of points: 24
Cluster ID: 321, Longitude: -73.98246932530124, Latitude: 40.74539880722892, Number of points: 83
Cluster ID: 322, Longitude: -74.01058247826087, Latitude: 40.71137404347826, Number of points: 23
Cluster ID: 323, Longitude: -73.984255, Latitude: 40.73728023809523, Number of points: 21
Cluster ID: 324, Longitude: -73.9963715, Latitude: 40.7238415, Number of points: 8
Cluster ID: 325, Longitude: -73.9568304117647, Latitude: 40.77763435294118, Number of points: 17
Cluster ID: 326, Longitude: -73.97843022222223, Latitude: 40.78300199999999, Number of points: 9
Cluster ID: 327, Longitude: -73.96603426086956, Latitude: 40.80511904347825, Number of points: 23
Cluster ID: 328, Longitude: -73.97645764285713, Latitude: 40.739730214285714, Number of points: 28
Cluster ID: 329, Longitude: -74.00985942857142, Latitude: 40.70327742857143, Number of points: 7
Cluster ID: 330, Longitude: -73.96810388888889, Latitude: 40.75545766666667, Number of points: 9
Cluster ID: 331, Longitude: -73.98548744444444, Latitude: 40.778378, Number of points: 9
Cluster ID: 332, Longitude: -73.99109866666666, Latitude: 40.7446946, Number of points: 15
Cluster ID: 333, Longitude: -73.97443839999998, Latitude: 40.79100045, Number of points: 20
Cluster ID: 334, Longitude: -73.96067678260869, Latitude: 40.7810452173913, Number of points: 23
Cluster ID: 335, Longitude: -73.95043853571428, Latitude: 40.779640500000006, Number of points: 28
Cluster ID: 336, Longitude: -74.0049289090909, Latitude: 40.75159263636363, Number of points: 11
Cluster ID: 337, Longitude: -73.98715466666667, Latitude: 40.7224385, Number of points: 6
Cluster ID: 338, Longitude: -73.973373, Latitude: 40.78980636363636, Number of points: 11
Cluster ID: 339, Longitude: -74.00309862499999, Latitude: 40.727634875, Number of points: 8
Cluster ID: 340, Longitude: -73.97322762499999, Latitude: 40.785040374999994, Number of points: 8
Cluster ID: 341, Longitude: -73.96134900000001, Latitude: 40.78034425, Number of points: 4
Cluster ID: 342, Longitude: -73.9578159, Latitude: 40.7735184, Number of points: 10
Cluster ID: 343, Longitude: -73.96190022222221, Latitude: 40.75959777777778, Number of points: 9
Cluster ID: 344, Longitude: -73.985024875, Latitude: 40.73627175, Number of points: 8
Cluster ID: 345, Longitude: -73.96239730555556, Latitude: 40.767213527777784, Number of points: 36
Cluster ID: 346, Longitude: -73.9798988, Latitude: 40.7777852, Number of points: 5
Cluster ID: 347, Longitude: -73.98789244444444, Latitude: 40.73345211111111, Number of points: 9
Cluster ID: 348, Longitude: -73.97815927906977, Latitude: 40.73743713953488, Number of points: 43
Cluster ID: 349, Longitude: -73.9591122631579, Latitude: 40.77177578947368, Number of points: 19
Cluster ID: 350, Longitude: -73.97472685714285, Latitude: 40.748363857142856, Number of points: 7
Cluster ID: 351, Longitude: -73.9560465625, Latitude: 40.784631999999995, Number of points: 16
Cluster ID: 352, Longitude: -73.98786659999999, Latitude: 40.7793599, Number of points: 10
Cluster ID: 353, Longitude: -73.95100544444443, Latitude: 40.78595244444444, Number of points: 9
Cluster ID: 354, Longitude: -73.98159342857141, Latitude: 40.755557857142854, Number of points: 7
Cluster ID: 355, Longitude: -73.99688222222221, Latitude: 40.73736394444444, Number of points: 18
Cluster ID: 356, Longitude: -73.86316429411765, Latitude: 40.769533428571435, Number of points: 119
Cluster ID: 357, Longitude: -73.98427, Latitude: 40.76477299999999, Number of points: 9
Cluster ID: 358, Longitude: -73.96283866666666, Latitude: 40.758248333333334, Number of points: 15
Cluster ID: 359, Longitude: -73.984138875, Latitude: 40.756962375, Number of points: 8
Cluster ID: 360, Longitude: -73.97900912499999, Latitude: 40.73627825, Number of points: 8
Cluster ID: 361, Longitude: -73.96032249999998, Latitude: 40.76200475, Number of points: 8
Cluster ID: 362, Longitude: -73.9880143, Latitude: 40.7188937, Number of points: 10
Cluster ID: 363, Longitude: -73.99008986363634, Latitude: 40.73731427272727, Number of points: 22
Cluster ID: 364, Longitude: -73.99769766666667, Latitude: 40.744949166666665, Number of points: 6
Cluster ID: 365, Longitude: -73.97608028571429, Latitude: 40.76550471428572, Number of points: 7
Cluster ID: 366, Longitude: -73.9953426, Latitude: 40.7250941, Number of points: 10
Cluster ID: 367, Longitude: -73.975622, Latitude: 40.787847125, Number of points: 8
Cluster ID: 368, Longitude: -73.95306213333332, Latitude: 40.776088, Number of points: 15
Cluster ID: 369, Longitude: -74.00131042857143, Latitude: 40.72760828571428, Number of points: 7
Cluster ID: 370, Longitude: -74.00861009999998, Latitude: 40.7201256, Number of points: 10
Cluster ID: 371, Longitude: -73.9826365, Latitude: 40.77724133333333, Number of points: 6
Cluster ID: 372, Longitude: -73.98985712499999, Latitude: 40.733479249999995, Number of points: 8
Cluster ID: 373, Longitude: -73.98293463636364, Latitude: 40.781927363636356, Number of points: 11
Cluster ID: 374, Longitude: -73.98089805555554, Latitude: 40.74438555555556, Number of points: 18
Cluster ID: 375, Longitude: -73.98951314285715, Latitude: 40.77287271428571, Number of points: 7
Cluster ID: 376, Longitude: -73.99056057142856, Latitude: 40.761017428571435, Number of points: 7
Cluster ID: 377, Longitude: -73.9975807142857, Latitude: 40.72417007142857, Number of points: 14
Cluster ID: 378, Longitude: -73.97966293333333, Latitude: 40.78624573333333, Number of points: 15
Cluster ID: 379, Longitude: -74.01712944444444, Latitude: 40.70542333333333, Number of points: 9
Cluster ID: 380, Longitude: -73.977175125, Latitude: 40.7766335, Number of points: 8
Cluster ID: 381, Longitude: -73.97181699999999, Latitude: 40.758497750000004, Number of points: 4
Cluster ID: 382, Longitude: -73.97831419999999, Latitude: 40.7779476, Number of points: 5
Cluster ID: 383, Longitude: -73.96318742857143, Latitude: 40.76898885714286, Number of points: 7
Cluster ID: 384, Longitude: -73.9852427142857, Latitude: 40.73866642857143, Number of points: 7
Cluster ID: 385, Longitude: -73.97960148387095, Latitude: 40.74928096774193, Number of points: 31
Cluster ID: 386, Longitude: -73.953030875, Latitude: 40.76799825, Number of points: 8
Cluster ID: 387, Longitude: -73.98503177777778, Latitude: 40.732056555555566, Number of points: 18
Cluster ID: 388, Longitude: -73.97665974999998, Latitude: 40.788156464285706, Number of points: 28
Cluster ID: 389, Longitude: -73.78985857142858, Latitude: 40.64374371428572, Number of points: 7
Cluster ID: 390, Longitude: -73.95224688888888, Latitude: 40.777080000000005, Number of points: 9
Cluster ID: 391, Longitude: -73.97333499999998, Latitude: 40.754957499999996, Number of points: 12
Cluster ID: 392, Longitude: -74.00745216666667, Latitude: 40.732112666666666, Number of points: 6
Cluster ID: 393, Longitude: -73.95615320833332, Latitude: 40.77175391666667, Number of points: 24
Cluster ID: 394, Longitude: -73.99265618181818, Latitude: 40.734052590909094, Number of points: 22
Cluster ID: 395, Longitude: -74.00612399999999, Latitude: 40.723583375000004, Number of points: 8
Cluster ID: 396, Longitude: -73.9992822, Latitude: 40.726504000000006, Number of points: 5
Cluster ID: 397, Longitude: -73.979242, Latitude: 40.76690709523809, Number of points: 21
Cluster ID: 398, Longitude: -73.98496132258063, Latitude: 40.76841712903226, Number of points: 31
Cluster ID: 399, Longitude: -73.99424925, Latitude: 40.726436625, Number of points: 8
Cluster ID: 400, Longitude: -73.95365599999998, Latitude: 40.790740416666665, Number of points: 12
Cluster ID: 401, Longitude: -73.9658281764706, Latitude: 40.7901535882353, Number of points: 17
Cluster ID: 402, Longitude: -73.964191, Latitude: 40.76760195238095, Number of points: 21
Cluster ID: 403, Longitude: -73.95731058333332, Latitude: 40.782778416666666, Number of points: 24
Cluster ID: 404, Longitude: -73.98200200000001, Latitude: 40.77040289473685, Number of points: 19
Cluster ID: 405, Longitude: -73.95808854545454, Latitude: 40.76063836363636, Number of points: 11
Cluster ID: 406, Longitude: -73.98898980000001, Latitude: 40.7437721, Number of points: 10
Cluster ID: 407, Longitude: -74.00196415384616, Latitude: 40.71520053846154, Number of points: 13
Cluster ID: 408, Longitude: -73.99206075, Latitude: 40.75164425, Number of points: 8
Cluster ID: 409, Longitude: -73.964944, Latitude: 40.77532933333333, Number of points: 9
Cluster ID: 410, Longitude: -73.96981987499998, Latitude: 40.753038562499995, Number of points: 16
Cluster ID: 411, Longitude: -73.97553214285713, Latitude: 40.73314714285714, Number of points: 7
Cluster ID: 412, Longitude: -73.97934629411763, Latitude: 40.74408370588236, Number of points: 17
Cluster ID: 413, Longitude: -73.99113888888888, Latitude: 40.71738611111111, Number of points: 9
Cluster ID: 414, Longitude: -74.00055042857142, Latitude: 40.72073485714286, Number of points: 7
Cluster ID: 415, Longitude: -73.96356833333333, Latitude: 40.7644325, Number of points: 6
Cluster ID: 416, Longitude: -74.014886, Latitude: 40.70938285714286, Number of points: 7
Cluster ID: 417, Longitude: -73.99437709999998, Latitude: 40.7321922, Number of points: 10
Cluster ID: 418, Longitude: -73.9838678181818, Latitude: 40.72160609090909, Number of points: 11
Cluster ID: 419, Longitude: -73.9263096, Latitude: 40.7658926, Number of points: 5
Cluster ID: 420, Longitude: -74.00286824999999, Latitude: 40.74963758333333, Number of points: 12
Cluster ID: 421, Longitude: -73.963276, Latitude: 40.77756917391305, Number of points: 23
Cluster ID: 422, Longitude: -73.97171241176471, Latitude: 40.78215958823529, Number of points: 17
Cluster ID: 423, Longitude: -73.94765029999999, Latitude: 40.7751981, Number of points: 10
Cluster ID: 424, Longitude: -73.9673018, Latitude: 40.7720228, Number of points: 5
Cluster ID: 425, Longitude: -73.88530329999999, Latitude: 40.772987766666674, Number of points: 30
Cluster ID: 426, Longitude: -73.98878539999998, Latitude: 40.7443764, Number of points: 5
Cluster ID: 427, Longitude: -73.97283139999999, Latitude: 40.7932143, Number of points: 10
Cluster ID: 428, Longitude: -73.97372658333332, Latitude: 40.792014083333335, Number of points: 12
Cluster ID: 429, Longitude: -73.98203355555556, Latitude: 40.76552955555556, Number of points: 9
Cluster ID: 430, Longitude: -73.97994052631579, Latitude: 40.780854157894744, Number of points: 19
Cluster ID: 431, Longitude: -73.98261683333332, Latitude: 40.76410333333334, Number of points: 6
Cluster ID: 432, Longitude: -73.97646733333333, Latitude: 40.74427433333333, Number of points: 6
Cluster ID: 433, Longitude: -73.9519105, Latitude: 40.7337285, Number of points: 6
Cluster ID: 434, Longitude: -73.96572978571429, Latitude: 40.75442757142857, Number of points: 14
Cluster ID: 435, Longitude: -73.99454559999998, Latitude: 40.755743800000005, Number of points: 10
Cluster ID: 436, Longitude: -74.00028739999998, Latitude: 40.742863400000005, Number of points: 5
Cluster ID: 437, Longitude: -73.96696755555556, Latitude: 40.766695777777784, Number of points: 9
Cluster ID: 438, Longitude: -73.96872834375, Latitude: 40.76724865625, Number of points: 32
Cluster ID: 439, Longitude: -73.9694733, Latitude: 40.76606579999999, Number of points: 10
Cluster ID: 440, Longitude: -73.98821383333332, Latitude: 40.73456483333334, Number of points: 6
Cluster ID: 441, Longitude: -73.99359915384616, Latitude: 40.74135176923077, Number of points: 13
Cluster ID: 442, Longitude: -73.98832166666666, Latitude: 40.731620500000005, Number of points: 18
Cluster ID: 443, Longitude: -73.95966961111111, Latitude: 40.77104072222223, Number of points: 18
Cluster ID: 444, Longitude: -74.00522868000002, Latitude: 40.74080224000001, Number of points: 25
Cluster ID: 445, Longitude: -74.00641514285714, Latitude: 40.74464342857142, Number of points: 7
Cluster ID: 446, Longitude: -73.98930442857143, Latitude: 40.74058071428571, Number of points: 7
Cluster ID: 447, Longitude: -73.97650871428571, Latitude: 40.790662, Number of points: 7
Cluster ID: 448, Longitude: -73.9746546, Latitude: 40.793257000000004, Number of points: 5
Cluster ID: 449, Longitude: -73.997303, Latitude: 40.73657620000001, Number of points: 10
Cluster ID: 450, Longitude: -73.95038999999998, Latitude: 40.775470874999996, Number of points: 8
Cluster ID: 451, Longitude: -73.95889639999999, Latitude: 40.7679728, Number of points: 5
Cluster ID: 452, Longitude: -73.98734408333333, Latitude: 40.76859691666667, Number of points: 12
Cluster ID: 453, Longitude: -73.77667533333333, Latitude: 40.64535338095238, Number of points: 21
Cluster ID: 454, Longitude: -73.97844328571429, Latitude: 40.76459585714286, Number of points: 7
Cluster ID: 455, Longitude: -73.9739964, Latitude: 40.7431642, Number of points: 5
Cluster ID: 456, Longitude: -73.99671168181816, Latitude: 40.74251731818182, Number of points: 22
Cluster ID: 457, Longitude: -73.979275, Latitude: 40.76505718181818, Number of points: 11
Cluster ID: 458, Longitude: -73.96221188888889, Latitude: 40.81049055555555, Number of points: 9
Cluster ID: 459, Longitude: -73.976988, Latitude: 40.7565925, Number of points: 4
Cluster ID: 460, Longitude: -74.00282825000001, Latitude: 40.76052083333334, Number of points: 12
Cluster ID: 461, Longitude: -73.95392799999999, Latitude: 40.78795928571429, Number of points: 7
Cluster ID: 462, Longitude: -73.957482, Latitude: 40.776816999999994, Number of points: 5
Cluster ID: 463, Longitude: -73.97287899999999, Latitude: 40.7484774, Number of points: 15
Cluster ID: 464, Longitude: -73.99104557142857, Latitude: 40.72786514285715, Number of points: 14
Cluster ID: 465, Longitude: -74.0048425, Latitude: 40.737524285714294, Number of points: 14
Cluster ID: 466, Longitude: -74.0053872, Latitude: 40.73698280000001, Number of points: 5
Cluster ID: 467, Longitude: -73.99925216666666, Latitude: 40.724845, Number of points: 6
Cluster ID: 468, Longitude: -73.96388606250001, Latitude: 40.808103562499994, Number of points: 16
Cluster ID: 469, Longitude: -73.94921245454545, Latitude: 40.781170363636356, Number of points: 11
Cluster ID: 470, Longitude: -73.98958414285714, Latitude: 40.76757, Number of points: 7
Cluster ID: 471, Longitude: -73.9911925, Latitude: 40.729985125000006, Number of points: 16
Cluster ID: 472, Longitude: -73.98354570000001, Latitude: 40.767981750000004, Number of points: 20
Cluster ID: 473, Longitude: -73.95582608333332, Latitude: 40.776304333333336, Number of points: 12
Cluster ID: 474, Longitude: -73.97374389473683, Latitude: 40.74749673684211, Number of points: 19
Cluster ID: 475, Longitude: -73.99303149999999, Latitude: 40.727933750000005, Number of points: 8
Cluster ID: 476, Longitude: -74.0151485, Latitude: 40.71597333333333, Number of points: 6
Cluster ID: 477, Longitude: -73.96713857142856, Latitude: 40.793389857142856, Number of points: 7
Cluster ID: 478, Longitude: -73.98461099999999, Latitude: 40.77953568, Number of points: 25
Cluster ID: 479, Longitude: -73.95227222580645, Latitude: 40.76621861290323, Number of points: 31
Cluster ID: 480, Longitude: -73.99524828571428, Latitude: 40.754646428571434, Number of points: 7
Cluster ID: 481, Longitude: -73.96518075, Latitude: 40.763340812500005, Number of points: 16
Cluster ID: 482, Longitude: -73.95907558333336, Latitude: 40.77749544444444, Number of points: 36
Cluster ID: 483, Longitude: -73.9944672, Latitude: 40.7608585, Number of points: 10
Cluster ID: 484, Longitude: -73.96490216666668, Latitude: 40.79142683333333, Number of points: 6
Cluster ID: 485, Longitude: -73.99849658333335, Latitude: 40.74531125, Number of points: 12
Cluster ID: 486, Longitude: -73.99827585714286, Latitude: 40.75079885714286, Number of points: 7
Cluster ID: 487, Longitude: -74.00590253333336, Latitude: 40.70613786666667, Number of points: 15
Cluster ID: 488, Longitude: -73.947756, Latitude: 40.77874433333333, Number of points: 6
Cluster ID: 489, Longitude: -74.012719875, Latitude: 40.702394999999996, Number of points: 8
Cluster ID: 490, Longitude: -73.98330366666666, Latitude: 40.74140016666667, Number of points: 6
Cluster ID: 491, Longitude: -73.98432357142856, Latitude: 40.728881, Number of points: 7
Cluster ID: 492, Longitude: -73.99224833333334, Latitude: 40.759152, Number of points: 12
Cluster ID: 493, Longitude: -73.95927714285713, Latitude: 40.76742685714286, Number of points: 7
Cluster ID: 494, Longitude: -74.00480871428572, Latitude: 40.71580414285713, Number of points: 14
Cluster ID: 495, Longitude: -73.98084621428572, Latitude: 40.76757357142857, Number of points: 14
Cluster ID: 496, Longitude: -73.97685925, Latitude: 40.790129125, Number of points: 8
Cluster ID: 497, Longitude: -73.96480433333333, Latitude: 40.8017175, Number of points: 6
Cluster ID: 498, Longitude: -73.99797917647061, Latitude: 40.755997294117655, Number of points: 17
Cluster ID: 499, Longitude: -73.95171085714286, Latitude: 40.773679, Number of points: 7
Cluster ID: 500, Longitude: -73.789903, Latitude: 40.64682999999999, Number of points: 7
Cluster ID: 501, Longitude: -73.98113916666667, Latitude: 40.7616545, Number of points: 6
Cluster ID: 502, Longitude: -74.008404, Latitude: 40.73550183333334, Number of points: 6
Cluster ID: 503, Longitude: -73.97480822222221, Latitude: 40.77780533333333, Number of points: 9
Cluster ID: 504, Longitude: -73.99856872727274, Latitude: 40.72291236363637, Number of points: 11
Cluster ID: 505, Longitude: -73.95365585714285, Latitude: 40.775219142857146, Number of points: 7
Cluster ID: 506, Longitude: -73.97496179999999, Latitude: 40.79269480000001, Number of points: 5
Cluster ID: 507, Longitude: -73.98933053333333, Latitude: 40.76287393333333, Number of points: 15
Cluster ID: 508, Longitude: -73.96335390909091, Latitude: 40.80878836363637, Number of points: 11
Cluster ID: 509, Longitude: -73.98622125, Latitude: 40.777422125, Number of points: 8
Cluster ID: 510, Longitude: -73.95784271428569, Latitude: 40.78197242857143, Number of points: 7
Cluster ID: 511, Longitude: -73.94622379999998, Latitude: 40.7813244, Number of points: 5
Cluster ID: 512, Longitude: -73.96794322222222, Latitude: 40.801418222222225, Number of points: 9
Cluster ID: 513, Longitude: -73.998369, Latitude: 40.7607752, Number of points: 5
Cluster ID: 514, Longitude: -73.988376125, Latitude: 40.723397125, Number of points: 8
Cluster ID: 515, Longitude: -73.98655766666667, Latitude: 40.771739833333335, Number of points: 6
Cluster ID: 516, Longitude: -73.99095116666666, Latitude: 40.765828666666664, Number of points: 6
Cluster ID: 517, Longitude: -73.98485159999998, Latitude: 40.774361, Number of points: 5
Cluster ID: 518, Longitude: -73.98330433333334, Latitude: 40.76110011111111, Number of points: 9
Cluster ID: 519, Longitude: -73.98095488888887, Latitude: 40.77078322222222, Number of points: 9
Cluster ID: 520, Longitude: -73.98482233333334, Latitude: 40.724326500000004, Number of points: 6
Cluster ID: 521, Longitude: -73.96564525, Latitude: 40.765403583333345, Number of points: 12
Cluster ID: 522, Longitude: -74.00633011111111, Latitude: 40.73314288888889, Number of points: 9
Cluster ID: 523, Longitude: -73.99386725000001, Latitude: 40.761879666666665, Number of points: 12
Cluster ID: 524, Longitude: -73.972819, Latitude: 40.7855378, Number of points: 5
Cluster ID: 525, Longitude: -73.94766422222222, Latitude: 40.77084266666666, Number of points: 9
Cluster ID: 526, Longitude: -73.98029359999998, Latitude: 40.7385388, Number of points: 5
Cluster ID: 527, Longitude: -73.98433533333333, Latitude: 40.72498616666667, Number of points: 6
Cluster ID: 528, Longitude: -73.98071825, Latitude: 40.745205375, Number of points: 8
Cluster ID: 529, Longitude: -73.98636912499998, Latitude: 40.730341124999995, Number of points: 8
Cluster ID: 530, Longitude: -73.95846857142858, Latitude: 40.78145271428571, Number of points: 7
Cluster ID: 531, Longitude: -74.00564645454546, Latitude: 40.717817545454544, Number of points: 11
Cluster ID: 532, Longitude: -74.00622014285715, Latitude: 40.74130628571429, Number of points: 7
Cluster ID: 533, Longitude: -73.97987374999998, Latitude: 40.776058125, Number of points: 8
Cluster ID: 534, Longitude: -73.87419699999998, Latitude: 40.734983, Number of points: 5
Cluster ID: 535, Longitude: -73.99631356249999, Latitude: 40.740470125, Number of points: 16
Cluster ID: 536, Longitude: -73.97419966666666, Latitude: 40.7529445, Number of points: 6
Cluster ID: 537, Longitude: -73.98022622222223, Latitude: 40.77545977777778, Number of points: 9
Cluster ID: 538, Longitude: -73.97118242857142, Latitude: 40.79780085714286, Number of points: 7
Cluster ID: 539, Longitude: -74.00149744444444, Latitude: 40.74643711111111, Number of points: 9
Cluster ID: 540, Longitude: -74.0051729, Latitude: 40.748067500000005, Number of points: 10
Cluster ID: 541, Longitude: -74.00880416666668, Latitude: 40.71899308333333, Number of points: 12
Cluster ID: 542, Longitude: -73.9833115, Latitude: 40.73870477272728, Number of points: 22
Cluster ID: 543, Longitude: -73.97837553333335, Latitude: 40.74535006666667, Number of points: 15
Cluster ID: 544, Longitude: -73.9710004, Latitude: 40.7828836, Number of points: 5
Cluster ID: 545, Longitude: -73.97508499999999, Latitude: 40.74450714285714, Number of points: 7
Cluster ID: 546, Longitude: -73.87077758181817, Latitude: 40.773720854545445, Number of points: 55
Cluster ID: 547, Longitude: -73.97856082608696, Latitude: 40.74106352173912, Number of points: 23
Cluster ID: 548, Longitude: -74.003202, Latitude: 40.7490396, Number of points: 5
Cluster ID: 549, Longitude: -73.9917856, Latitude: 40.742276399999994, Number of points: 5
Cluster ID: 550, Longitude: -73.95234339999999, Latitude: 40.78395389999999, Number of points: 10
Cluster ID: 551, Longitude: -73.99315, Latitude: 40.76280585714286, Number of points: 7
Cluster ID: 552, Longitude: -73.97833016666665, Latitude: 40.788165166666666, Number of points: 6
Cluster ID: 553, Longitude: -73.9855255, Latitude: 40.735762375, Number of points: 8
Cluster ID: 554, Longitude: -73.99586316666667, Latitude: 40.7385355, Number of points: 6
Cluster ID: 555, Longitude: -73.967313375, Latitude: 40.769206374999996, Number of points: 8
Cluster ID: 556, Longitude: -74.01429483333332, Latitude: 40.71718666666667, Number of points: 6
Cluster ID: 557, Longitude: -74.00819766666667, Latitude: 40.707902499999996, Number of points: 6
Cluster ID: 558, Longitude: -73.98574314285715, Latitude: 40.735252714285714, Number of points: 7
Cluster ID: 559, Longitude: -73.9721418, Latitude: 40.749048, Number of points: 5
Cluster ID: 560, Longitude: -73.955186, Latitude: 40.78845128571429, Number of points: 7
Cluster ID: 561, Longitude: -73.96940420000001, Latitude: 40.753614799999994, Number of points: 5
Cluster ID: 562, Longitude: -73.97991866666665, Latitude: 40.739140666666664, Number of points: 9
Cluster ID: 563, Longitude: -74.00333045454546, Latitude: 40.72689881818182, Number of points: 11
Cluster ID: 564, Longitude: -74.00764544444442, Latitude: 40.70514166666666, Number of points: 9
Cluster ID: 565, Longitude: -73.97632200000001, Latitude: 40.77613100000001, Number of points: 5
Cluster ID: 566, Longitude: -73.98829099999999, Latitude: 40.76443577777778, Number of points: 9
Cluster ID: 567, Longitude: -73.973863, Latitude: 40.758812999999996, Number of points: 4
Cluster ID: 568, Longitude: -73.9857156, Latitude: 40.7677824, Number of points: 5
Cluster ID: 569, Longitude: -73.97214442857141, Latitude: 40.76106142857144, Number of points: 7
Cluster ID: 570, Longitude: -73.955582, Latitude: 40.7769076, Number of points: 5
Cluster ID: 571, Longitude: -74.00971937499999, Latitude: 40.710442625000006, Number of points: 8
Cluster ID: 572, Longitude: -74.00594612499998, Latitude: 40.735748375, Number of points: 8
Cluster ID: 573, Longitude: -73.96903239999999, Latitude: 40.79092659999999, Number of points: 5
Cluster ID: 574, Longitude: -73.99120728571428, Latitude: 40.72384685714285, Number of points: 7
Cluster ID: 575, Longitude: -74.000648, Latitude: 40.742276000000004, Number of points: 5
Cluster ID: 576, Longitude: -73.9786905, Latitude: 40.72400366666667, Number of points: 6
Cluster ID: 577, Longitude: -73.95992599999998, Latitude: 40.77629075, Number of points: 8
Cluster ID: 578, Longitude: -73.97930319999998, Latitude: 40.737204199999994, Number of points: 5
Cluster ID: 579, Longitude: -74.0062096, Latitude: 40.739786699999996, Number of points: 10
Cluster ID: 580, Longitude: -73.99470942857144, Latitude: 40.72587471428572, Number of points: 7
Cluster ID: 581, Longitude: -73.99228042857143, Latitude: 40.72887985714285, Number of points: 7
Cluster ID: 582, Longitude: -73.98693979999999, Latitude: 40.747293400000004, Number of points: 5
Cluster ID: 583, Longitude: -73.9866781111111, Latitude: 40.754442222222224, Number of points: 9
Cluster ID: 584, Longitude: -73.98519161538462, Latitude: 40.72784153846154, Number of points: 13
Cluster ID: 585, Longitude: -73.959746, Latitude: 40.762659400000004, Number of points: 5
Cluster ID: 586, Longitude: -73.97887216666668, Latitude: 40.782338, Number of points: 6
Cluster ID: 587, Longitude: -73.97390283333333, Latitude: 40.79424383333333, Number of points: 6
Cluster ID: 588, Longitude: -74.00848057142856, Latitude: 40.71440328571429, Number of points: 7
Cluster ID: 589, Longitude: -73.98388985714284, Latitude: 40.76536085714285, Number of points: 7
Cluster ID: 590, Longitude: -73.9490275, Latitude: 40.77332575, Number of points: 8
Cluster ID: 591, Longitude: -73.9858004, Latitude: 40.7228958, Number of points: 5
Cluster ID: 592, Longitude: -73.97490399999998, Latitude: 40.787620545454544, Number of points: 11
Cluster ID: 593, Longitude: -73.94717049999998, Latitude: 40.78424583333333, Number of points: 6
Cluster ID: 594, Longitude: -73.9822246, Latitude: 40.7829336, Number of points: 5
Cluster ID: 595, Longitude: -73.95378099999999, Latitude: 40.781909875000004, Number of points: 8
Cluster ID: 596, Longitude: -73.97858044444443, Latitude: 40.75900322222222, Number of points: 9
Cluster ID: 597, Longitude: -74.0049277, Latitude: 40.72331079999999, Number of points: 10
Cluster ID: 598, Longitude: -73.99880599999999, Latitude: 40.7447736, Number of points: 5
Cluster ID: 599, Longitude: -73.99031633333333, Latitude: 40.728903833333334, Number of points: 6
Cluster ID: 600, Longitude: -73.9726056, Latitude: 40.743477999999996, Number of points: 5
Cluster ID: 601, Longitude: -73.9918071111111, Latitude: 40.764693, Number of points: 9
Cluster ID: 602, Longitude: -73.9560149090909, Latitude: 40.778786363636364, Number of points: 11
Cluster ID: 603, Longitude: -73.9790474, Latitude: 40.7574428, Number of points: 5
Cluster ID: 604, Longitude: -73.98163, Latitude: 40.761365166666664, Number of points: 6
Cluster ID: 605, Longitude: -73.96857399999999, Latitude: 40.750498, Number of points: 6
Cluster ID: 606, Longitude: -73.99348742857141, Latitude: 40.72721685714286, Number of points: 7
Cluster ID: 607, Longitude: -73.96464833333332, Latitude: 40.763994, Number of points: 9
Cluster ID: 608, Longitude: -74.00215474999999, Latitude: 40.72984375, Number of points: 8
Cluster ID: 609, Longitude: -73.98917185714286, Latitude: 40.73045528571429, Number of points: 7
Cluster ID: 610, Longitude: -73.98263099999998, Latitude: 40.74229677777777, Number of points: 9
Cluster ID: 611, Longitude: -73.94842355555555, Latitude: 40.77643811111111, Number of points: 9
Cluster ID: 612, Longitude: -73.9748645, Latitude: 40.754187124999994, Number of points: 8
Cluster ID: 613, Longitude: -73.99594011111111, Latitude: 40.74868122222222, Number of points: 9
Cluster ID: 614, Longitude: -73.96094783333332, Latitude: 40.806869166666665, Number of points: 6
Cluster ID: 615, Longitude: -73.98123083333333, Latitude: 40.72507566666667, Number of points: 6
Cluster ID: 616, Longitude: -73.995978125, Latitude: 40.7433955, Number of points: 8
Cluster ID: 617, Longitude: -73.976845625, Latitude: 40.749871625, Number of points: 8
Cluster ID: 618, Longitude: -73.95163720000001, Latitude: 40.7817766, Number of points: 5
Cluster ID: 619, Longitude: -73.96299583333332, Latitude: 40.794202500000004, Number of points: 6
Cluster ID: 620, Longitude: -73.983823, Latitude: 40.72567457142856, Number of points: 7
Cluster ID: 621, Longitude: -73.99580966666666, Latitude: 40.75405283333333, Number of points: 6
Cluster ID: 622, Longitude: -74.0012266, Latitude: 40.7363382, Number of points: 5
Cluster ID: 623, Longitude: -73.78833607692306, Latitude: 40.64144715384615, Number of points: 13
Cluster ID: 624, Longitude: -73.95146020000001, Latitude: 40.785154, Number of points: 5
Cluster ID: 625, Longitude: -73.96065, Latitude: 40.778141999999995, Number of points: 6
Cluster ID: 626, Longitude: -74.00560999999998, Latitude: 40.738176, Number of points: 7
Cluster ID: 627, Longitude: -73.97313175, Latitude: 40.7596585, Number of points: 4
Cluster ID: 628, Longitude: -73.98901966666666, Latitude: 40.777086999999995, Number of points: 6
Cluster ID: 629, Longitude: -73.9591988, Latitude: 40.799260600000004, Number of points: 5
Cluster ID: 630, Longitude: -73.98904699999999, Latitude: 40.72162083333333, Number of points: 6
Cluster ID: 631, Longitude: -73.9876098, Latitude: 40.760371000000006, Number of points: 5
Cluster ID: 632, Longitude: -73.9650875, Latitude: 40.766595833333334, Number of points: 6
Cluster ID: 633, Longitude: -73.96152825, Latitude: 40.76841475, Number of points: 4
Cluster ID: 634, Longitude: -74.01118775, Latitude: 40.710437, Number of points: 8
Cluster ID: 635, Longitude: -74.01149339999999, Latitude: 40.70795460000001, Number of points: 5
Cluster ID: 636, Longitude: -73.9749808, Latitude: 40.782611, Number of points: 5
Cluster ID: 637, Longitude: -74.00178566666666, Latitude: 40.73546083333333, Number of points: 6
Cluster ID: 638, Longitude: -73.97135266666668, Latitude: 40.766544, Number of points: 6
Cluster ID: 639, Longitude: -73.98118042857142, Latitude: 40.73322628571429, Number of points: 7
Cluster ID: 640, Longitude: -73.96294649999999, Latitude: 40.76319875, Number of points: 4
Cluster ID: 641, Longitude: -73.9825372, Latitude: 40.754083800000004, Number of points: 5
Cluster ID: 642, Longitude: -73.9639554, Latitude: 40.761295000000004, Number of points: 5
Cluster ID: 643, Longitude: -74.0118866, Latitude: 40.707515400000005, Number of points: 5
Cluster ID: 644, Longitude: -74.00827328571427, Latitude: 40.71156685714285, Number of points: 7
Cluster ID: 645, Longitude: -74.0045644, Latitude: 40.734170199999994, Number of points: 5
Cluster ID: 646, Longitude: -73.98760425, Latitude: 40.739455125000006, Number of points: 8
Cluster ID: 647, Longitude: -73.9923838, Latitude: 40.7403768, Number of points: 5
Cluster ID: 648, Longitude: -73.9766662, Latitude: 40.7528596, Number of points: 5
Cluster ID: 649, Longitude: -74.00206599999999, Latitude: 40.73505025, Number of points: 4
Cluster ID: 650, Longitude: -73.98714845454545, Latitude: 40.75605754545455, Number of points: 11
Cluster ID: 651, Longitude: -73.98871899999999, Latitude: 40.722159, Number of points: 5
Cluster ID: 652, Longitude: -73.99374611111112, Latitude: 40.73616466666667, Number of points: 9
Cluster ID: 653, Longitude: -73.99416612499999, Latitude: 40.766497625, Number of points: 8
Cluster ID: 654, Longitude: -73.98755116666666, Latitude: 40.7285405, Number of points: 6
Cluster ID: 655, Longitude: -74.006888, Latitude: 40.7424922, Number of points: 5
Cluster ID: 656, Longitude: -73.97596766666665, Latitude: 40.79129233333333, Number of points: 6
Cluster ID: 657, Longitude: -73.98736566666666, Latitude: 40.724567666666665, Number of points: 6
Cluster ID: 658, Longitude: -74.00177979999998, Latitude: 40.7377102, Number of points: 5
Cluster ID: 659, Longitude: -73.9673366, Latitude: 40.752349800000005, Number of points: 5
Cluster ID: 660, Longitude: -73.98090816666667, Latitude: 40.73790066666667, Number of points: 6
Cluster ID: 661, Longitude: -73.970068, Latitude: 40.7488542, Number of points: 5
Cluster ID: 662, Longitude: -73.95819949999999, Latitude: 40.77867775, Number of points: 4
Cluster ID: 663, Longitude: -73.99775487499998, Latitude: 40.721019125, Number of points: 8
Cluster ID: 664, Longitude: -74.00078433333333, Latitude: 40.747053333333334, Number of points: 6
Cluster ID: 665, Longitude: -73.94496939999999, Latitude: 40.7832006, Number of points: 5
Cluster ID: 666, Longitude: -73.959909, Latitude: 40.813709, Number of points: 5
Cluster ID: 667, Longitude: -73.96347559999998, Latitude: 40.7559304, Number of points: 5
Cluster ID: 668, Longitude: -74.00218559999999, Latitude: 40.7468752, Number of points: 5
Cluster ID: 669, Longitude: -73.96176439999999, Latitude: 40.7610298, Number of points: 5
Cluster ID: 670, Longitude: -73.99784566666666, Latitude: 40.722592666666664, Number of points: 3
Cluster ID: 671, Longitude: -73.9876262, Latitude: 40.7198686, Number of points: 5
Cluster ID: 672, Longitude: -74.00846916666667, Latitude: 40.709034, Number of points: 6
Cluster ID: 673, Longitude: -74.0117378, Latitude: 40.7039506, Number of points: 5
Cluster ID: 674, Longitude: -73.9857456, Latitude: 40.7311768, Number of points: 5
Cluster ID: 675, Longitude: -73.9729984, Latitude: 40.7955386, Number of points: 5
Cluster ID: 676, Longitude: -73.97185771428572, Latitude: 40.764617428571434, Number of points: 7
Cluster ID: 677, Longitude: -73.99885419999998, Latitude: 40.7397336, Number of points: 5
Cluster ID: 678, Longitude: -73.95554960000001, Latitude: 40.772506799999995, Number of points: 5
Cluster ID: 679, Longitude: -73.9687806, Latitude: 40.798729800000004, Number of points: 5
Cluster ID: 680, Longitude: -73.99079459999999, Latitude: 40.7435486, Number of points: 5
Cluster ID: 681, Longitude: -73.99577416666665, Latitude: 40.75936316666667, Number of points: 6
Cluster ID: 682, Longitude: -73.94968599999999, Latitude: 40.777015, Number of points: 5
Cluster ID: 683, Longitude: -74.01298179999999, Latitude: 40.7064004, Number of points: 5
Cluster ID: 684, Longitude: -73.9857548, Latitude: 40.726961800000005, Number of points: 5
Cluster ID: 685, Longitude: -73.96575219999998, Latitude: 40.7742006, Number of points: 5
Cluster ID: 686, Longitude: -73.98715725, Latitude: 40.7659305, Number of points: 4
Cluster ID: 687, Longitude: -74.0004238, Latitude: 40.7183246, Number of points: 5
Cluster ID: 688, Longitude: -73.9635358, Latitude: 40.768345200000006, Number of points: 5
Cluster ID: 689, Longitude: -73.98165974999999, Latitude: 40.765049, Number of points: 4
Cluster ID: 690, Longitude: -73.97178939999999, Latitude: 40.7920024, Number of points: 5
Cluster ID: 691, Longitude: -73.98338999999999, Latitude: 40.730283, Number of points: 5
Cluster ID: 692, Longitude: -73.97711240000001, Latitude: 40.7746044, Number of points: 5
Cluster ID: 693, Longitude: -73.9853634, Latitude: 40.7235228, Number of points: 5
Cluster ID: 694, Longitude: -73.9822716, Latitude: 40.7278436, Number of points: 5
Cluster ID: 695, Longitude: -73.979598, Latitude: 40.75949, Number of points: 4
Cluster ID: 696, Longitude: -73.99190149999998, Latitude: 40.7444765, Number of points: 4
Cluster ID: 697, Longitude: -73.9947514, Latitude: 40.727705, Number of points: 5
Cluster ID: 698, Longitude: -73.948987, Latitude: 40.777528, Number of points: 5
Cluster ID: 699, Longitude: -73.96988449999999, Latitude: 40.79964366666666, Number of points: 6
Cluster ID: 700, Longitude: -73.993679, Latitude: 40.731195199999995, Number of points: 5
Cluster ID: 701, Longitude: -73.96290139999999, Latitude: 40.811054999999996, Number of points: 5
Cluster ID: 702, Longitude: -73.99266539999999, Latitude: 40.7240622, Number of points: 5
Cluster ID: 703, Longitude: -73.97978699999999, Latitude: 40.758845599999994, Number of points: 5
Cluster ID: 704, Longitude: -73.9865466, Latitude: 40.744966999999995, Number of points: 5
Cluster ID: 705, Longitude: -73.9821448, Latitude: 40.7769248, Number of points: 5